Pos,Num,Player Name,Status,TCKL,SCK,FF,INT,Team
DB,38,"Abad, Manny",ACT,--,--,--,--,TEN
SS,24,"Abdul-Quddus, Isa",UFA,78,1,0,2,MIA
CB,27,"Acker, Kenneth",ACT,17,0,0,--,KC
FS,33,"Adams, Andrew",ACT,46,0,0,1,NYG
SAF,,"Adams, Jamal",ACT,--,--,--,--,NYJ
SS,27,"Adams, Mike",ACT,79,0,2,2,CAR
SS,37,"Addae, Jahleel",ACT,50,0,0,1,LAC
CB,38,"Adjei-Barimah, Jude",ACT,22,2,1,--,TB
CB,39,"Agnew, Jamal",ACT,--,--,--,--,DET
FS,35,"Aikens, Walt",ACT,7,0,0,--,MIA
CB,20,"Alexander, Mackensie",ACT,5,0,0,--,MIN
FS,31,"Alexander, Maurice",ACT,50,1,0,2,LA
CB,23,"Alford, Robert",ACT,61,0,0,2,ATL
DB,39,"Allen, Antonio",UFA,5,0,0,--,NYJ
DB,29,"Allen, Brian",ACT,--,--,--,--,PIT
DB,29,"Allen, Nate",ACT,33,0,0,2,MIA
FS,37,"Allen, Ricardo",ACT,90,0,0,2,ATL
CB,29,"Amerson, David",ACT,64,0,0,2,OAK
FS,38,"Amos, Adrian",ACT,65,0,1,--,CHI
DB,43,"Amos, DaShaun",ACT,--,--,--,--,NYG
DB,20,"Amukamara, Prince",ACT,49,0,0,--,CHI
DB,33,"Anderson, Colt",ACT,2,0,0,--,BUF
CB,24,"Apple, Eli",ACT,51,0,1,1,NYG
CB,24,"Arrington, Kyle",UFA,--,--,--,--,BAL
CB,33,"Awuzie, Chidobe",ACT,--,--,--,--,DAL
CB,29,"Bademosi, Johnson",ACT,22,0,0,1,DET
SAF,36,"Baker, Budda",ACT,--,--,--,--,ARI
SAF,39,"Ballentine, Lonnie",ACT,0,--,--,--,HOU
CB,37,"Banjo, Chris",ACT,7,0,0,0,NO
CB,35,"Banks, Johnthan",ACT,6,0,0,0,CHI
CB,38,"Barnes, Adairius",ACT,7,0,0,--,DET
DB,2,"Barnett, Dante",ACT,--,--,--,--,DEN
CB,31,"Bausby, DeVante",ACT,12,0,0,--,KC
DB,46,"Baxter, Keith",ACT,--,--,--,--,KC
SS,48,"Bell, Vonn",ACT,87,1,2,--,NO
CB,23,"Benwikere, Bene'",ACT,10,0,0,1,CIN
FS,29,"Berhe, Nat",ACT,21,0,1,--,NYG
SS,29,"Berry, Eric",ACT,77,0,1,4,KC
SS,41,"Bethea, Antoine",ACT,110,0,1,1,ARI
CB,28,"Bethel, Justin",ACT,39,0,1,1,ARI
DB,37,"Blackmon, Dante",ACT,--,--,--,--,IND
FS,41,"Blackmon, Will",ACT,41,0.5,1,1,WAS
DB,47,"Blake, Valentino",ACT,42,0,0,--,NYG
DB,36,"Blanton, Robert",ACT,35,0,0,--,DAL
SS,20,"Boddy-Calhoun, Briean",ACT,43,1,0,3,CLE
DB,31,"Borders, Breon",ACT,--,--,--,--,OAK
DB,33,"Boston, Tre",ACT,53,2,0,2,LAC
DB,39,"Bouka, Elie",ACT,--,--,--,--,ARI
CB,21,"Bouye, A.J.",ACT,63,1,0,1,JAX
DB,35,"Boykin, Brandon",ACT,--,--,--,--,BAL
DB,39,"Boykins, Jeremy",ACT,--,--,--,--,TEN
CB,24,"Bradberry, James",ACT,59,0,0,2,CAR
DB,35,"Branch, Marcelis",ACT,--,--,--,--,ATL
DB,27,"Branch, Tyvon",ACT,28,0,0,--,ARI
CB,40,"Breaux, Delvin",ACT,21,0,0,--,NO
CB,26,"Breeland, Bashaud",ACT,73,1,2,3,WAS
DB,29,"Brice, Kentrell",ACT,26,0,0,--,GB
CB,26,"Brock, Tramaine",UFA,59,0,1,1,SF
CB,33,"Brooks, Ron",ACT,14,0,0,--,PHI
DB,29,"Brooks, Terrence",ACT,5,0,2,1,PHI
CB,30,"Brown, Anthony",ACT,55,0,1,1,DAL
DB,23,"Brown, Chykie",UFA,2,0,0,--,CIN
DB,44,"Brown, Donatello",ACT,--,--,--,--,GB
DB,38,"Brown, Sergio",UFA,5,0,0,--,BUF
DB,26,"Burley, Marcus",ACT,8,0,0,--,CLE
SS,42,"Burnett, Morgan",ACT,93,3,0,2,GB
CB,25,"Burns, Artie",ACT,65,0,0,3,PIT
CB,32,"Burris, Juston",ACT,16,0,0,1,NYJ
SS,26,"Bush, Deon",ACT,22,0,0,--,CHI
DB,25,"Bush, Rafael",ACT,53,1,0,2,NO
CB,41,"Butler, Crezdon",UFA,2,0,0,--,DET
FS,20,"Butler, Darius",ACT,33,0,1,3,IND
CB,21,"Butler, Malcolm",ACT,63,1,1,4,NE
FS,31,"Byard, Kevin",ACT,58,1,0,--,TEN
FS,31,"Byrd, Jairus",UFA,82,0,0,2,NO
DB,31,"Caldwell, Trey",ACT,0,--,--,--,CLE
CB,39,"Calhoun, Taveze",ACT,0,--,--,--,NO
CB,37,"Callahan, Bryce",ACT,32,0,0,--,CHI
SS,24,"Campbell, Ibraheim",ACT,48,0,0,--,CLE
CB,26,"Canady, Maurice",ACT,2,0,0,--,BAL
SS,26,"Carey, Don",ACT,13,0,1,--,DET
DB,24,"Carr, Brandon",ACT,61,0,0,1,BAL
SS,38,"Carrie, T.J.",ACT,25,0,1,1,OAK
DB,24,"Carroll, Nolan",ACT,55,0,1,1,DAL
CB,33,"Carter, Alex",ACT,0,--,--,--,DET
DB,20,"Carter, Jamal",ACT,--,--,--,--,DEN
SS,31,"Chancellor, Kam",ACT,85,0,1,2,SEA
DB,,"Chappell, Devin",RES,--,--,--,--,KC
DB,38,"Chekwa, Chimdi",UFA,3,0,0,--,MIA
DB,41,"Christian, Marqui",ACT,2,0,0,0,LA
SS,23,"Chung, Patrick",ACT,91,1,0,1,NE
SS,42,"Church, Barry",ACT,85,0,1,2,JAX
DB,37,"Cioffi, Anthony",ACT,--,--,--,--,OAK
DB,21,"Claiborne, Morris",ACT,26,0,0,1,NYJ
DB,36,"Clark, Chuck",ACT,--,--,--,--,BAL
CB,34,"Clark, Jeremy",ACT,--,--,--,--,NYJ
FS,21,"Clinton-Dix, Ha Ha",ACT,80,0.5,1,5,GB
CB,31,"Cockrell, Ross",ACT,62,0,0,--,PIT
DB,38,"Colbert, Adrian",ACT,--,--,--,--,SF
CB,22,"Coleman, Justin",ACT,8,0,0,--,NE
SS,20,"Coleman, Kurt",ACT,95,1,1,4,CAR
CB,38,"Coleman, Xavier",ACT,--,--,--,--,NYJ
CB,32,"Collins, Jalen",ACT,31,0,0,2,ATL
SS,21,"Collins, Landon",ACT,125,4,0,5,NYG
CB,22,"Colvin, Aaron",ACT,22,1,0,--,JAX
CB,2,"Conley, Gareon",ACT,--,--,--,--,OAK
SS,23,"Conte, Chris",ACT,69,0,0,2,TB
DB,25,"Cooper, Marcus",ACT,69,0,0,4,CHI
CB,24,"Countess, Blake",ACT,20,1,0,--,LA
DB,37,"Cox, Demetrious",ACT,--,--,--,--,CIN
CB,,"Cox, Perrish",UFA,42,0,0,3,SEA
CB,46,"Crawley, Ken",ACT,43,0,1,--,NO
DB,43,"Cromartie, Marcus",ACT,5,0,0,--,SEA
DB,36,"Currie, Justin",ACT,--,--,--,--,CLE
SS,37,"Cyprien, Johnathan",ACT,127,1,1,--,TEN
SS,37,"Dangerfield, Jordan",ACT,16,0,0,--,PIT
DB,31,"Daniel, Robertson",ACT,0,--,--,--,BAL
CB,28,"Darby, Ronald",ACT,69,0,0,--,BUF
FS,38,"Davis, Cody",ACT,14,0,0,1,LA
CB,43,"Davis, Michael",ACT,--,--,--,--,LAC
SS,28,"Davis, Sean",ACT,70,1.5,0,1,PIT
CB,21,"Davis, Vontae",ACT,37,0,0,1,IND
DB,4,"Davis, Will",ACT,4,0,0,1,SF
DB,38,"Deayon, Donte",ACT,--,--,--,--,NYG
CB,31,"Decoud, Treston",ACT,--,--,--,--,HOU
SS,21,"Demps, Quintin",ACT,55,0,1,6,CHI
CB,21,"Dennard, Darqueze",ACT,47,0,0,--,CIN
DB,28,"Desir, Pierre",ACT,3,0,0,--,SEA
CB,28,"Diggs, Quandre",ACT,44,0,1,--,DET
SAF,20,"Dillon, K.J.",ACT,5,0,0,--,HOU
DB,35,"Dixon, Brandon",ACT,--,--,--,--,PIT
DB,41,"Dixon, Brian",ACT,2,0,0,0,JAX
DB,30,"Dixon, Travell",ACT,1,0,0,--,CAR
CB,37,"Doss, Lorenzo",ACT,4,0,0,--,DEN
CB,32,"Douglas, Rasul",ACT,--,--,--,--,PHI
FS,23,"Drummond, Kurtis",ACT,--,--,--,--,HOU
DB,38,"Ducre, Greg",ACT,--,--,--,--,PIT
CB,47,"Dunbar, Quinton",ACT,26,1,0,1,WAS
DB,40,"Durden, Kenneth",ACT,--,--,--,--,OAK
DB,43,"Ebner, Nate",ACT,19,0,1,--,NE
SS,33,"Elam, Matt",UFA,4,0,0,--,BAL
CB,35,"Elder, Corn",ACT,--,--,--,--,CAR
CB,21,"Elliott, DeAndre",ACT,8,0,0,--,SEA
DB,35,"Elliott, Javien",ACT,10,0,0,--,TB
DB,36,"Elston, Trae",ACT,0,--,--,--,BUF
DB,39,"Evans, Josh",ACT,1,0,0,--,WAS
SAF,21,"Evans, Justin",ACT,--,--,--,--,TB
DB,25,"Evans, Marwin",ACT,6,0,0,--,GB
CB,41,"Evans, Randall",ACT,--,--,--,--,LAC
CB,22,"Everett, Deshazor",ACT,11,0,0,1,WAS
CB,32,"Exum, Antone",ACT,--,--,--,--,MIN
DB,41,"Farley, Matthias",ACT,11,0,0,--,IND
SAF,42,"Fejedelem, Clayton",ACT,10,0,0,--,CIN
DB,30,"Fleming, Maurice",ACT,--,--,--,--,TB
CB,24,"Flowers, Brandon",UFA,28,0,0,1,LAC
CB,30,"Ford, Rudy",ACT,--,--,--,--,ARI
DB,42,"Foster, Otha",ACT,--,--,--,--,BAL
DB,31,"Franklin, Zach",ACT,--,--,--,--,SF
SS,35,"Frazier, Kavon",ACT,6,0,0,--,DAL
CB,29,"Fuller, Kendall",ACT,42,0,0,--,WAS
CB,23,"Fuller, Kyle",ACT,0,--,--,--,CHI
CB,33,"Gaines, E.J.",ACT,56,0,1,--,LA
CB,23,"Gaines, Phillip",ACT,44,0,2,1,KC
DB,47,"Gallon, Ironhead",ACT,--,--,--,--,ARI
SAF,37,"Gary, Shamiel",ACT,1,0,0,--,BUF
CB,22,"Gay, William",ACT,58,1,1,1,PIT
FS,26,"Geathers, Clayton",ACT,59,0,1,--,IND
FS,21,"Gilchrist, Marcus",UFA,55,0,1,2,NYJ
CB,24,"Gilmore, Stephon",ACT,48,0,0,5,NE
FS,39,"Gipson, Tashaun",ACT,41,0,0,1,JAX
DB,35,"Goforth, Randall",ACT,--,--,--,--,PHI
SS,21,"Golden, Robert",ACT,34,0,0,--,PIT
DB,,"Goldson, Dashon",UFA,1,0,0,--,ATL
CB,27,"Golson, Senquez",ACT,0,--,--,--,PIT
CB,39,"Goodson, Demetri",ACT,14,0,0,--,GB
CB,29,"Goodwin, C.J.",ACT,17,0,0,--,ATL
FS,20,"Graham, Corey",UFA,87,1,0,1,BUF
DB,42,"Graham, Tyson",ACT,--,--,--,--,IND
CB,26,"Grant, Doran",ACT,--,--,--,--,JAX
CB,36,"Gratz, Dwayne",ACT,5,0,0,0,PHI
DB,25,"Gray, Daniel",ACT,--,--,--,--,ARI
DB,34,"Gray, Alex",ACT,--,--,--,--,TB
DB,,"Green, John",RES,--,--,--,--,TEN
FS,32,"Green, T.J.",ACT,43,0,0,--,IND
FS,22,"Griffin, Michael",UFA,40,0,0,--,CAR
DB,26,"Griffin, Shaquill",ACT,--,--,--,--,SEA
CB,24,"Grimes, Brent",ACT,57,0,1,4,TB
DB,38,"Grymes, Aaron",ACT,0,--,--,--,PHI
CB,36,"Gunter, LaDarius",ACT,54,0,2,--,GB
CB,23,"Haden, Joe",ACT,48,0,0,3,CLE
DB,42,"Hagen, Jacob",ACT,--,--,--,--,PIT
CB,27,"Hairston, Nate",ACT,--,--,--,--,IND
FS,29,"Hal, Andre",ACT,48,1,0,2,HOU
FS,23,"Hall, DeAngelo",ACT,16,0,0,--,WAS
CB,32,"Hall, Deiondre'",ACT,9,0,0,1,CHI
DB,25,"Hall, Leon",UFA,31,2,1,1,NYG
DB,32,"Hamilton, Antonio",ACT,4,0,0,--,OAK
CB,28,"Hargreaves, Vernon",ACT,76,0,1,1,TB
FS,30,"Harmon, Duron",ACT,29,0,1,1,NE
DB,41,"Harmon, J.D.",ACT,--,--,--,--,CLE
DB,35,"Harper, Jarrod",ACT,--,--,--,--,JAX
SS,41,"Harper, Roman",UFA,29,0,0,--,NO
FS,41,"Harris, Anthony",ACT,41,0,0,--,MIN
CB,25,"Harris, Chris",ACT,63,0,1,2,DEN
DB,59,"Harris, Connor",ACT,--,--,--,--,NYJ
CB,21,"Harris, De'Vante",ACT,12,0,0,--,NO
DB,30,"Harris, Erik",ACT,1,0,0,--,NO
DB,47,"Hartfield, Trevon",ACT,0,--,--,--,KC
DB,36,"Hatfield, Dominique",ACT,--,--,--,--,LA
CB,28,"Hawkins, Josh",ACT,5,0,0,--,GB
DB,31,"Hayden, D.J.",ACT,37,0,1,--,DET
DB,48,"Hayes, De'Chavon",ACT,--,--,--,--,ARI
CB,26,"Hayward, Casey",ACT,58,0,0,7,LAC
SS,38,"Heath, Jeff",ACT,23,0,0,1,DAL
DB,37,"Hendy, A.J.",ACT,0,--,--,--,MIA
DB,40,"Henry, Daniel",ACT,--,--,--,--,BAL
DB,39,"Hightower, Lee",ACT,--,--,--,--,IND
CB,42,"Hill, Alvin",ACT,--,--,--,--,CLE
SS,44,"Hill, Delano",ACT,--,--,--,--,SEA
DB,43,"Hill, Jaylen",ACT,--,--,--,--,BAL
CB,32,"Hill, Troy",ACT,40,0,0,--,LA
CB,28,"Hillary, Darius",ACT,0,--,--,--,CLE
DB,40,"Hilton, Mike",ACT,--,--,--,--,PIT
DB,38,"Holmes, Daquan",ACT,--,--,--,--,GB
DB,20,"Holsey, Joshua",ACT,--,--,--,--,WAS
DB,37,"Homer, Tevin",ACT,--,--,--,--,WAS
SAF,29,"Hooker, Malik",ACT,--,--,--,--,IND
DB,33,"Hope, Larry",ACT,--,--,--,--,MIA
DB,31,"House, Davon",ACT,17,0,0,--,GB
FS,36,"Houston-Carson, DeAndre",ACT,2,0,0,--,CHI
CB,36,"Howard, Tracy",ACT,20,0,0,--,JAX
CB,25,"Howard, Xavien",ACT,40,0,1,--,MIA
DB,36,"Humes, Chris",ACT,--,--,--,--,OAK
DB,29,"Humphrey, Marlon",ACT,--,--,--,--,BAL
CB,39,"Hunter, Michael",ACT,4,0,0,--,NYG
DB,30,"Hurst, Demontre",ACT,14,1,0,1,TEN
SS,23,"Hyde, Micah",ACT,58,1,0,3,BUF
SS,32,"Ihedigbo, James",UFA,16,0,0,--,BUF
DB,23,"Ihenacho, Duke",ACT,66,0,0,--,NYG
FS,43,"Iloka, George",ACT,74,0,0,3,CIN
SS,36,"Ishmael, Kemal",ACT,52,0,0,--,ATL
CB,30,"Iworah, Prince Charles",ACT,1,0,0,--,SF
CB,25,"Jackson, Adoree'",ACT,--,--,--,--,TEN
DB,39,"Jackson, Eddie",ACT,--,--,--,--,CHI
CB,25,"Jackson, Kareem",ACT,62,0,0,1,HOU
DB,30,"Jackson, Asa",UFA,7,0,0,0,DET
CB,22,"Jackson, William",ACT,--,--,--,--,CIN
DB,43,"James, Chanceller",ACT,--,--,--,--,SF
DB,38,"James, Charles",ACT,20,0,0,0,BUF
DB,25,"Jefferson, Rickey",ACT,--,--,--,--,OAK
SS,23,"Jefferson, Tony",ACT,96,2,2,--,BAL
CB,20,"Jenkins, Janoris",ACT,49,1,1,3,NYG
SS,27,"Jenkins, Malcolm",ACT,72,1,0,3,PHI
DB,43,"Jenkins, Mike",UFA,--,--,--,--,ARI
SAF,3,"Jenkins, Rayshawn",ACT,--,--,--,--,LAC
DB,49,"Jerome, Lorenzo",ACT,--,--,--,--,SF
DB,42,"Johnson, Denzel",ACT,--,--,--,--,TEN
CB,36,"Johnson, Dontae",ACT,15,0,0,--,SF
SAF,27,"Johnson, Isaiah",ACT,1,0,0,--,LA
DB,39,"Johnson, Isaiah",ACT,--,--,--,--,TB
DB,31,"Johnson, Jadar",ACT,--,--,--,--,NYG
DB,,"Johnson, Jeron",UFA,5,0,0,--,SEA
SAF,43,"Johnson, John",ACT,--,--,--,--,LA
CB,29,"Johnson, Josh",ACT,9,0.5,0,--,JAX
FS,25,"Johnson, Rashad",UFA,38,0,1,--,TEN
CB,30,"Johnson, Kevin",ACT,25,0,0,--,HOU
DB,24,"Johnson, Leonard",ACT,30,1,0,--,BUF
CB,22,"Johnson, Trumaine",ACT,57,0,0,1,LA
CB,24,"Jones, Adam",ACT,66,0,1,1,CIN
DB,37,"Jones, Bryce",ACT,--,--,--,--,HOU
FS,31,"Jones, Byron",ACT,88,0,1,1,DAL
FS,42,"Jones, Colin",ACT,5,0,0,--,CAR
CB,41,"Jones, Cyrus",ACT,7,0,0,--,NE
DB,34,"Jones, David",ACT,--,--,--,--,NE
CB,31,"Jones, Derrick",ACT,--,--,--,--,NYJ
DB,20,"Jones, Don",ACT,12,0,0,0,SF
DB,39,"Jones, Jarnor",ACT,--,--,--,--,ATL
CB,31,"Jones, Jonathan",ACT,14,0,1,--,NE
SAF,27,"Jones, Josh",ACT,--,--,--,--,GB
FS,20,"Jones, Reshad",ACT,51,0.5,0,1,MIA
CB,22,"Jones, Sidney",ACT,--,--,--,--,PHI
SS,29,"Jones-Quartey, Harold",ACT,78,0,0,1,CHI
DB,35,"Jordan, Michael",ACT,20,0,0,--,LA
CB,24,"Joseph, Johnathan",ACT,45,0,1,--,HOU
SS,42,"Joseph, Karl",ACT,60,0,0,1,OAK
CB,20,"Joyner, Lamarcus",ACT,66,1,1,--,LA
CB,27,"Kazee, Damontae",ACT,--,--,--,--,ATL
SS,27,"Kearse, Jayron",ACT,6,0,0,--,MIN
DB,37,"Keeton, Bryson",ACT,1,0,0,--,NYJ
DB,49,"Keo, Shiloh",UFA,7,0,0,0,NO
SS,35,"Killebrew, Miles",ACT,28,0,0,1,DET
DB,29,"Killings, D.J.",ACT,--,--,--,--,NE
SS,30,"Kindred, Derrick",ACT,46,0,0,--,CLE
DB,25,"King, Akeem",ACT,--,--,--,--,ATL
DB,36,"King, Brandon",ACT,10,0,0,--,NE
DB,36,"King, Desmond",ACT,--,--,--,--,LAC
CB,20,"King, Kevin",ACT,--,--,--,--,GB
CB,27,"Kirkpatrick, Dre",ACT,46,0,0,3,CIN
CB,6,"Lampkin, Ashton",ACT,--,--,--,--,KC
CB,20,"Lane, Jeremy",ACT,49,0,0,--,SEA
CB,27,"Langley, Brendan",ACT,--,--,--,--,DEN
CB,34,"Lattimore, Marshon",ACT,--,--,--,--,NO
DB,46,"Lawrence, Des",ACT,--,--,--,--,DET
CB,24,"Lawson, Nevin",ACT,57,0,0,--,DET
CB,22,"LeBlanc, Cre'von",ACT,44,0,0,2,CHI
CB,41,"Levine, Anthony",ACT,11,0,0,--,BAL
CB,27,"Lewis, Jourdan",ACT,--,--,--,--,DAL
FS,23,"Lewis, Kendrick",UFA,6,0,1,--,BAL
DB,35,"Lewis, Ryan",ACT,--,--,--,--,ARI
DB,39,"Lewis-Harris, Chris",ACT,5,0,0,1,DEN
DB,33,"Likely, William",ACT,--,--,--,--,NE
CB,36,"Lippett, Tony",ACT,67,0,0,4,MIA
FS,20,"Lowery, Dwight",ACT,60,0,1,1,LAC
SAF,26,"Luani, Shalom",ACT,--,--,--,--,OAK
SS,21,"Lucas, Jordan",ACT,2,0,0,--,MIA
CB,32,"Luke, Cole",ACT,--,--,--,--,CAR
CB,26,"Mabin, Greg",ACT,--,--,--,--,BUF
CB,29,"Mager, Craig",ACT,31,0,0,1,LAC
DB,,"Magloire, Paul",RES,--,--,--,--,TB
FS,42,"Maragos, Chris",ACT,11,0,0,--,PHI
FS,29,"Marlowe, Dean",ACT,0,--,--,--,CAR
SS,42,"Martin, Ronald",ACT,1,0,0,--,NYJ
FS,32,"Mathieu, Tyrann",ACT,35,1,1,1,ARI
DB,41,"Mauger, Quincy",ACT,--,--,--,--,ATL
CB,37,"Maulet, Arthur",ACT,--,--,--,--,NO
CB,41,"Maxwell, Byron",ACT,53,0,4,2,MIA
SAF,26,"Maye, Marcus",ACT,--,--,--,--,NYJ
CB,28,"McCain, Bobby",ACT,45,1,1,1,MIA
CB,23,"McCain, Brice",ACT,38,0,0,2,TEN
DB,36,"McClain, Robert",ACT,39,0.5,0,0,TB
SS,23,"McCoil, Dexter",ACT,25,0,0,1,LAC
FS,32,"McCourty, Devin",ACT,83,0,1,1,NE
DB,35,"McCourty, Jason",ACT,69,0,0,2,CLE
DB,39,"McCray, Demetrius",ACT,--,--,--,--,SEA
DB,23,"McCray, L.J.",ACT,--,--,--,--,CAR
SS,33,"McCray, Kelcie",UFA,39,0,0,--,SEA
DB,30,"McDonald, Adrian",ACT,--,--,--,--,LAC
CB,23,"McDonald, Dexter",ACT,1,0,0,--,OAK
DB,22,"McDonald, T.J.",ACT,64,1,0,2,MIA
DB,30,"McDougald, Bradley",ACT,91,0,0,2,SEA
CB,23,"McDougle, Dexter",ACT,1,0,0,--,NYJ
DB,23,"McFadden, Leon",ACT,8,0,0,--,DAL
SS,39,"McGill, Keith",ACT,22,0,0,--,OAK
CB,21,"McKelvin, Leodis",UFA,43,0,0,2,PHI
DB,37,"McKinnon, Jeremiah",ACT,--,--,--,--,DAL
FS,23,"McLeod, Rodney",ACT,83,1,1,3,PHI
CB,27,"McManis, Sherrick",ACT,16,0,0,--,CHI
SAF,34,"McQuay, Leon III",ACT,--,--,--,--,KC
CB,29,"McRae, Tony",ACT,--,--,--,--,CIN
DB,5,"McTyer, Torry",ACT,--,--,--,--,MIA
DB,28,"McWilson, Marcus",ACT,--,--,--,--,OAK
DB,36,"Meeks, Jonathan",UFA,16,0,0,--,BUF
SAF,20,"Melifonwu, Obi",ACT,--,--,--,--,OAK
CB,30,"Melvin, Rashaan",ACT,60,0,2,--,IND
DB,36,"Middleton, Doug",ACT,6,0,0,--,NYJ
FS,45,"Miles, Rontez",ACT,57,0,2,--,NYJ
FS,34,"Miller, Harlan",ACT,7,0,0,1,ARI
DB,41,"Milligan, Rolan",ACT,--,--,--,--,DET
CB,31,"Mills, Jalen",ACT,61,0,0,--,PHI
DB,40,"Milton, Chris",ACT,9,0,0,--,IND
CB,28,"Mitchel, Tevin",ACT,--,--,--,--,IND
FS,23,"Mitchell, Mike",ACT,77,0,0,1,PIT
DB,39,"Mitchell, Terrance",ACT,19,0,0,--,KC
SS,43,"Moore, Corey",ACT,32,0,0,--,HOU
DB,48,"Moore, Jordan",ACT,--,--,--,--,ATL
CB,42,"Moore, Kenny",ACT,--,--,--,--,NE
DB,,"Moore, Rahim",UFA,--,--,--,--,NYG
CB,24,"Moore, Sterling",ACT,56,0,0,2,NO
CB,31,"Moreau, Fabian",ACT,--,--,--,--,WAS
DB,35,"Morris, Darryl",ACT,35,0,0,1,IND
CB,41,"Moxey, Jonathan",ACT,--,--,--,--,TB
DB,41,"Munnerlyn, Captain",ACT,55,0,1,--,CAR
DB,36,"Murphy, Ryan",ACT,--,--,--,--,NYG
CB,21,"Murray, Eric",ACT,8,0,0,--,KC
DB,33,"Murray, Najee",ACT,--,--,--,--,CLE
CB,31,"Myrick, Jalen",ACT,--,--,--,--,JAX
DB,43,"Nacua, Kai",ACT,--,--,--,--,CLE
SS,22,"Neal, Keanu",ACT,106,0,5,--,ATL
DB,20,"Neasman, Sharrod",ACT,3,0,0,--,ATL
DB,46,"Nelson, Dontrell",ACT,--,--,--,--,DEN
CB,30,"Nelson, J.R.",ACT,--,--,--,--,KC
FS,27,"Nelson, Reggie",ACT,65,0,0,5,OAK
DB,21,"Nelson, Robert",ACT,20,0,0,1,HOU
CB,20,"Nelson, Steven",ACT,65,0,0,--,KC
CB,23,"Newman, Terence",ACT,38,0,0,1,MIN
SAF,34,"Nicholson, Montae",ACT,--,--,--,--,WAS
CB,43,"Nixon, Taurean",ACT,1,0,0,--,JAX
CB,24,"Norman, Josh",ACT,67,0,2,3,WAS
CB,30,"Olatoye, Deji",ACT,4,0,0,--,ATL
FS,38,"Parker, Ron",ACT,61,0,2,1,KC
DB,34,"Parks, Will",ACT,22,0,0,1,DEN
DB,37,"Patmon, Tyler",ACT,--,--,--,--,JAX
CB,34,"Penton, Aarion",ACT,--,--,--,--,LA
CB,22,"Peters, Marcus",ACT,45,0,1,6,KC
CB,47,"Peterson, Kevin",ACT,--,--,--,--,LA
CB,21,"Peterson, Patrick",ACT,51,0,0,3,ARI
SS,31,"Phillips, Adrian",ACT,38,0,0,1,LAC
DB,35,"Phillips, Dashaun",ACT,9,0,0,--,WAS
CB,41,"Pipkins, Lenzy",ACT,--,--,--,--,GB
DB,40,"Pitts, Lafayette",ACT,3,0,0,--,MIA
DB,35,"Pleasant, Eddie",ACT,20,0,0,--,HOU
CB,34,"Poole, Brian",ACT,59,1,0,1,ATL
CB,21,"Porter, Tracy",UFA,48,0,1,2,CHI
DB,43,"Powell, Joe",ACT,--,--,--,--,BUF
DB,45,"Powell, Tyvis",ACT,3,0,0,--,IND
DB,26,"Powers, Jerraud",UFA,33,1,0,2,BAL
FS,21,"Poyer, Jordan",ACT,39,0,0,--,BUF
CB,24,"Price, Jabari",ACT,--,--,--,--,MIN
CB,27,"Price, Sheldon",ACT,0,--,--,--,BAL
DB,46,"Pringle, Raysean",ACT,--,--,--,--,GB
SS,31,"Prosinski, Chris",ACT,25,0,0,--,CHI
DB,25,"Pryor, Calvin",ACT,62,0,1,--,CLE
FS,27,"Quin, Glover",ACT,68,0,1,2,DET
FS,30,"Rambo, Bacarri",UFA,42,0,0,1,MIA
CB,20,"Ramsey, Jalen",ACT,65,0,1,2,JAX
CB,23,"Randall, Damarious",ACT,39,0,0,3,GB
CB,27,"Reaser, Keith",ACT,26,0,2,--,SF
CB,23,"Redmond, Will",ACT,--,--,--,--,SF
DB,24,"Reed, Kalan",ACT,3,0,0,--,TEN
CB,38,"Reed, Trovon",ACT,14,0,0,2,LAC
FS,35,"Reid, Eric",ACT,62,0,1,1,SF
DB,35,"Reid, Ryan",ACT,--,--,--,--,LAC
CB,24,"Revis, Darrelle",UFA,53,0,0,1,NYJ
FS,39,"Reynolds, Ed",ACT,43,1,0,--,CLE
CB,43,"Reynolds, Rashaad",ACT,--,--,--,--,CHI
DB,38,"Reynolds, Taylor",ACT,--,--,--,--,ATL
CB,29,"Rhodes, Xavier",ACT,52,0,1,5,MIN
SAF,22,"Rice, Denzel",ACT,9,0,0,--,HOU
DB,39,"Richards, Jeff",ACT,--,--,--,--,CAR
SS,37,"Richards, Jordan",ACT,3,0,0,--,NE
CB,38,"Richardson, Horace",ACT,--,--,--,--,MIN
CB,31,"Riggs, Cody",ACT,0,--,--,--,TB
CB,35,"Riley, Curtis",ACT,0,--,--,--,TEN
CB,38,"Rios, Marcus",ACT,--,--,--,--,DEN
DB,38,"Roberson, Marcus",ACT,2,0,0,--,HOU
DB,36,"Roberson, Tre",ACT,--,--,--,--,MIN
CB,27,"Roberts, Darryl",ACT,21,0,0,--,NYJ
DB,23,"Robey-Coleman, Nickell",ACT,35,0,1,2,LA
CB,34,"Robinson, Ezra",ACT,--,--,--,--,JAX
DB,26,"Robinson, Josh",ACT,11,0,0,--,TB
DB,21,"Robinson, Patrick",ACT,26,0,1,--,PHI
CB,33,"Robinson, Rashard",ACT,28,0,0,1,SF
DB,48,"Robinson, Trey",ACT,--,--,--,--,NYG
CB,29,"Roby, Bradley",ACT,39,1,1,2,DEN
CB,41,"Rodgers-Cromartie, Dominique",ACT,49,1,1,6,NYG
DB,37,"Rolle, Jumal",ACT,--,--,--,--,ARI
CB,24,"Rollins, Quinten",ACT,41,0,0,1,GB
CB,25,"Rowe, Eric",ACT,26,0,0,1,NE
CB,20,"Russell, KeiVarae",ACT,1,0,0,1,CIN
DB,26,"Ryan, Logan",ACT,92,1,1,2,TEN
SS,23,"Sample, James",ACT,--,--,--,--,JAX
CB,31,"Sanchez, Zack",ACT,9,0,0,--,CAR
DB,47,"Sanders, B.T.",ACT,--,--,--,--,BUF
SS,33,"Sanford, Jamarca",UFA,--,--,--,--,NO
CB,45,"Sayles, Marcus",ACT,--,--,--,--,BUF
CB,32,"Scandrick, Orlando",ACT,46,2,3,1,DAL
DB,29,"Seamster, Sammy",ACT,--,--,--,--,DAL
SS,21,"Searcy, Da'Norris",ACT,40,0,0,1,TEN
SS,34,"Sendejo, Andrew",ACT,69,0.5,0,2,MIN
DB,24,"Sensabaugh, Coty",ACT,25,0,1,0,PIT
CB,29,"Seymour, Kevon",ACT,22,0,0,--,BUF
DB,49,"Shabazz, Al-Hajj",ACT,1,0,0,0,BAL
CB,26,"Shaw, Josh",ACT,56,0,0,1,CIN
CB,35,"Shead, DeShawn",ACT,81,0,1,1,SEA
CB,23,"Shelton, Sojourn",ACT,--,--,--,--,ARI
CB,35,"Sherels, Marcus",ACT,4,0,0,--,MIN
CB,25,"Sherman, Richard",ACT,58,0,0,4,SEA
CB,37,"Shields, Sam",UFA,3,0,0,--,GB
DB,28,"Showers, Jameill",ACT,--,--,--,--,DAL
SS,31,"Simmons, Justin",ACT,30,1,0,2,DEN
CB,,"Simon, Tharold",UFA,6,0,0,0,WAS
DB,37,"Simone, Jordan",ACT,--,--,--,--,SEA
CB,36,"Sims, LeShaun",ACT,22,0,0,1,TEN
DB,37,"Sinkfield, Terrell",ACT,--,--,--,--,MIN
CB,41,"Skrine, Buster",ACT,47,1,0,1,NYJ
CB,23,"Slay, Darius",ACT,44,1,1,2,DET
CB,37,"Smith, C.J.",ACT,1,0,0,--,PHI
CB,20,"Smith, D'Joun",ACT,0,--,--,--,TEN
FS,31,"Smith, Derron",ACT,8,0,0,--,CIN
FS,22,"Smith, Harrison",ACT,91,2,0,--,MIN
CB,22,"Smith, Jimmy",ACT,32,0,0,--,BAL
CB,36,"Smith, Malik",ACT,--,--,--,--,HOU
DB,2,"Smith, Maurice",ACT,--,--,--,--,MIA
CB,29,"Smith, Ryan",ACT,1,0,0,--,TB
CB,21,"Smith, Sean",ACT,40,0,0,2,OAK
CB,33,"Smith, Tye",ACT,--,--,--,--,TEN
DB,25,"Smithson, Fish",ACT,--,--,--,--,WAS
DB,49,"Sorensen, Daniel",ACT,63,1,2,3,KC
DB,37,"Southward, Dezmen",ACT,--,--,--,--,CAR
DB,30,"Stafford, Daimion",ACT,52,1,0,1,PIT
DB,40,"Sterns, Jordan",ACT,--,--,--,--,KC
CB,39,"Stewart, Brandon",ACT,--,--,--,--,LAC
FS,26,"Stewart, Darian",ACT,68,0,1,3,DEN
DB,36,"Stewart, Orion",ACT,--,--,--,--,DEN
CB,38,"Stribling, Channing",ACT,--,--,--,--,CLE
DB,25,"Stuckey, Darrell",ACT,11,0,0,--,LAC
DB,49,"Sullivan, Tre",ACT,--,--,--,--,PHI
DB,40,"Sunseri, Vinnie",ACT,6,0,0,--,SF
CB,20,"Sutton, Cam",ACT,--,--,--,--,PIT
CB,27,"Swann, Damian",ACT,--,--,--,--,NO
FS,36,"Swearinger, D.J.",ACT,66,2,0,3,WAS
DB,41,"Sylve, Bradley",ACT,--,--,--,--,BUF
CB,30,"Tabor, Teez",ACT,--,--,--,--,DET
CB,21,"Talib, Aqib",ACT,43,0,0,3,DEN
SS,37,"Tandy, Keith",ACT,57,0,0,4,TB
CB,30,"Tankersley, Cordrea",ACT,--,--,--,--,MIA
FS,29,"Tartt, Jaquiski",ACT,61,1,0,--,SF
DB,37,"Taylor, Aaron",ACT,--,--,--,--,GB
CB,21,"Taylor, Jamar",ACT,57,0,0,3,CLE
DB,23,"Terrell, Steven",ACT,27,0,0,--,KC
FS,35,"Therezie, Robenson",ACT,3,0,0,0,NO
DB,27,"Thomas, Dwayne",ACT,--,--,--,--,NE
DB,35,"Thomas, Dymonte",ACT,--,--,--,--,DEN
FS,29,"Thomas, Earl",ACT,48,0,0,2,SEA
DB,26,"Thomas, Josh",UFA,--,--,--,--,DAL
FS,31,"Thomas, Michael",ACT,58,1,2,--,MIA
DB,26,"Thomas, Duke",ACT,--,--,--,--,DAL
DB,25,"Thomas, Shamarko",ACT,7,0,0,--,NYJ
FS,27,"Thompson, Darian",ACT,7,0,0,--,NYG
DB,26,"Thompson, Jason",ACT,--,--,--,--,NE
DB,22,"Thompson, Mykkele",ACT,1,0,0,--,NYG
DB,25,"Thompson, Peyton",ACT,14,0,0,--,JAX
FS,33,"Thompson, Tedric",ACT,--,--,--,--,SEA
CB,47,"Thornton, Josh",ACT,--,--,--,--,DET
DB,23,"Thorpe, Neiko",ACT,19,0,0,--,SEA
CB,39,"Tocho, Jack",ACT,--,--,--,--,MIN
DB,20,"Toler, Greg",UFA,18,0,0,--,WAS
DB,45,"Travis, Damarius",ACT,--,--,--,--,NE
DB,41,"Trawick, Brynden",ACT,24,0,0,1,TEN
DB,,"Tribune, Nigel",ACT,--,--,--,--,NYG
CB,21,"Trufant, Desmond",ACT,31,2,2,1,ATL
SAF,40,"Tyson, Mike",ACT,--,--,--,--,SEA
SS,32,"Vaccaro, Kenny",ACT,68,1,2,2,NO
CB,21,"Verner, Alterraun",UFA,16,0,0,1,TB
CB,22,"Verrett, Jason",ACT,13,0,0,1,LAC
DB,,"Virgin, Dee",ACT,--,--,--,--,HOU
CB,31,"Wade, Trevin",UFA,26,0,0,--,NYG
CB,25,"Ward, Jimmie",ACT,53,1,1,1,SF
SS,43,"Ward, T.J.",ACT,87,1,3,1,DEN
DB,45,"Washington, Charles",ACT,--,--,--,--,DET
DB,49,"Washington, Deron",ACT,--,--,--,--,ATL
CB,26,"Waters, Herb",ACT,--,--,--,--,GB
DB,26,"Watkins, Jaylen",ACT,32,0,0,--,PHI
CB,4,"Watson, Brad",ACT,--,--,--,--,LAC
CB,26,"Waynes, Trae",ACT,50,0,0,3,MIN
FS,21,"Webb, Lardarius",ACT,73,1,0,1,BAL
DB,39,"Webb, Terrish",ACT,--,--,--,--,PIT
DB,30,"Webb, B.W.",ACT,28,0,0,1,CHI
DB,21,"Webster, Kayvon",ACT,8,0,0,--,LA
SS,32,"Weddle, Eric",ACT,89,1,1,4,BAL
DB,39,"White, Corey",ACT,30,0,0,2,NYJ
CB,24,"White, D.J.",ACT,11,0,0,1,KC
CB,39,"White, Marquez",ACT,--,--,--,--,DAL
DB,41,"White, Mitchell",ACT,--,--,--,--,PHI
CB,27,"White, Tre'Davious",ACT,--,--,--,--,BUF
FS,35,"Whitehead, Jermaine",ACT,0,--,--,--,GB
SS,39,"Whitner, Donte",UFA,66,0,1,--,WAS
DB,27,"Wilcox, J.J.",ACT,49,0,1,1,TB
SS,23,"Williams, Aaron",UFA,20,0,0,--,BUF
CB,26,"Williams, Brandon",ACT,26,0,0,--,ARI
DB,24,"Williams, K'Waun",ACT,--,--,--,--,SF
CB,25,"Williams, P.J.",ACT,7,0,0,--,NO
SAF,43,"Williams, Marcus",ACT,--,--,--,--,NO
CB,20,"Williams, Marcus",ACT,33,1,1,2,NYJ
SS,31,"Williams, Duke",UFA,4,0,0,0,IND
SS,36,"Williams, Shawn",ACT,81,1,0,3,CIN
DB,21,"Williams, Teddy",ACT,6,0,0,1,CAR
CB,22,"Williams, Tramon",UFA,36,0,0,1,CLE
CB,42,"Williams, Trevor",ACT,31,0,0,--,LAC
DB,36,"Williamson, Andrew",ACT,--,--,--,--,IND
DB,40,"Wilson, Brandon",ACT,--,--,--,--,CIN
CB,35,"Wilson, Howard",ACT,--,--,--,--,CLE
DB,47,"Wilson, Jarrod",ACT,8,0,0,--,JAX
DB,24,"Wilson, Kyle",UFA,--,--,--,--,NO
CB,31,"Wilson, Quincy",ACT,--,--,--,--,IND
SS,32,"Wilson, Tavon",ACT,89,1,0,2,DET
CB,30,"Wiltz, Jomal",ACT,--,--,--,--,PHI
CB,41,"Witherspoon, Ahkello",ACT,--,--,--,--,SF
DB,32,"Wolff, Earl",ACT,--,--,--,--,WAS
SAF,25,"Woods, Xavier",ACT,--,--,--,--,DAL
CB,26,"Worley, Daryl",ACT,88,1,0,1,CAR
DB,33,"Wreh-Wilson, Blidi",ACT,0,--,--,--,ATL
DB,20,"Wright, Shareece",ACT,52,0,0,--,BUF
CB,38,"Young, Lou",ACT,1,0,0,--,WAS
CB,25,"Young, Tavon",ACT,53,0,0,2,BAL
CB,29,"Zamort, Ronald",ACT,--,--,--,--,ARI
