Pos,Num,Player Name,Status,Quick Stats,TCKL,SCK,FF,INT,Team
OLB,93,"Acho, Sam",ACT,TCKL,27,1,1,--,CHI
LB,99,"Adams, Keion",ACT,TCKL,--,--,--,--,PIT
LB,58,"Adams, Tyrell",ACT,TCKL,0,--,--,--,OAK
LB,49,"Albright, Bryson",ACT,TCKL,0,--,--,--,CIN
ILB,54,"Alexander, Dominique",ACT,TCKL,7,0,0,--,CLE
ILB,57,"Alexander, D.J.",ACT,TCKL,16,0,1,--,KC
OLB,57,"Alexander, Lorenzo",ACT,TCKL,76,12.5,3,1,BUF
MLB,58,"Alexander, Kwon",ACT,TCKL,145,3,1,1,TB
LB,59,"Allen, Chase",ACT,TCKL,--,--,--,--,MIA
LB,95,"Allen, Randy",ACT,TCKL,--,--,--,--,BAL
MLB,47,"Alonso, Kiko",ACT,TCKL,115,0,1,2,MIA
OLB,58,"Anderson, Jonathan",ACT,TCKL,7,0,0,--,CHI
OLB,52,"Anderson, Ryan",ACT,TCKL,--,--,--,--,WAS
ILB,50,"Anderson, Zaire",ACT,TCKL,14,0,1,--,DEN
OLB,50,"Anthony, Stephone",ACT,TCKL,16,0,0,--,NO
LB,47,"Anzalone, Alex",ACT,TCKL,--,--,--,--,NO
OLB,50,"Armbrister, Thurston",ACT,TCKL,15,0,0,--,DET
OLB,54,"Armstrong, Ray-Ray",ACT,TCKL,8,0,0,1,SF
LB,56,"Ayers, Akeem",ACT,TCKL,21,2,0,1,IND
LB,47,"Banderas, Josh",ACT,TCKL,--,--,--,--,DEN
OLB,55,"Barr, Anthony",ACT,TCKL,70,2,1,--,MIN
OLB,48,"Barrett, Shaquil",ACT,TCKL,36,1.5,1,--,DEN
LB,97,"Barrington, Sam",UFA,TCKL,2,0,0,0,NO
OLB,26,"Barron, Mark",ACT,TCKL,118,1,0,2,LA
LB,49,"Barrow, Lamin",ACT,TCKL,--,--,--,--,MIA
LB,98,"Barwin, Connor",ACT,TCKL,34,5,1,--,LA
LB,53,"Bates, Daren",ACT,TCKL,12,0,0,--,TEN
LB,44,"Bates, Trevor",ACT,TCKL,0,--,--,--,NE
LB,96,"Bates, Houston",ACT,TCKL,7,0,0,--,WAS
LB,54,"Bazzie, Alex",ACT,TCKL,--,--,--,--,ARI
OLB,44,"Beasley, Vic",ACT,TCKL,39,15.5,6,--,ATL
ILB,51,"Beckwith, Kendell",ACT,TCKL,--,--,--,--,TB
LB,52,"Bell, Brandon",ACT,TCKL,--,--,--,--,CIN
LB,50,"Bello, B.J.",ACT,TCKL,--,--,--,--,CLE
LB,43,"Bellore, Nick",ACT,TCKL,83,1,1,1,DET
LB,57,"Beltre, Frank",ACT,TCKL,--,--,--,--,NYJ
LB,45,"Beyer, Brennen",ACT,TCKL,3,0,0,--,BAL
OLB,45,"Biegel, Vince",ACT,TCKL,--,--,--,--,GB
LB,56,"Bigger, Zeek",ACT,TCKL,--,--,--,--,CAR
LB,99,"Bighill, Adam",ACT,TCKL,--,--,--,--,NO
OLB,47,"Bishop, Freddie",ACT,TCKL,9,0,0,--,NYJ
OLB,59,"Bond, Devante",ACT,TCKL,0,--,--,--,TB
LB,57,"Bostic, Jon",ACT,TCKL,--,--,--,--,IND
ILB,50,"Boulware, Ben",ACT,TCKL,--,--,--,--,CAR
ILB,53,"Bowman, NaVorro",ACT,TCKL,35,1,1,1,SF
LB,54,"Bowser, Tyus",ACT,TCKL,--,--,--,--,BAL
LB,53,"Bradford, Carl",ACT,TCKL,5,0,0,0,BUF
OLB,53,"Bradham, Nigel",ACT,TCKL,102,2,2,1,PHI
LB,53,"Bradley, Bam",ACT,TCKL,--,--,--,--,BAL
OLB,55,"Brooks, Ahmad",ACT,TCKL,53,6,1,--,SF
OLB,40,"Brothers, Kentrell",ACT,TCKL,9,0,0,--,MIN
LB,42,"Brown, Arthur",ACT,TCKL,3,0,0,0,SEA
LB,53,"Brown, Blair",ACT,TCKL,--,--,--,--,JAX
ILB,57,"Brown, Jatavis",ACT,TCKL,79,3.5,2,--,LAC
LB,55,"Brown, Jayon",ACT,TCKL,--,--,--,--,TEN
LB,56,"Brown, Kourtnei",ACT,TCKL,--,--,--,--,TEN
ILB,52,"Brown, Preston",ACT,TCKL,139,1,1,--,BUF
LB,44,"Brown, Richie",ACT,TCKL,--,--,--,--,TB
LB,53,"Brown, Zach",ACT,TCKL,149,4,2,1,WAS
OLB,20,"Bucannon, Deone",ACT,TCKL,91,0,0,--,ARI
LB,49,"Bullough, Riley",ACT,TCKL,--,--,--,--,TB
OLB,55,"Burfict, Vontaze",ACT,TCKL,101,2,1,2,CIN
ILB,52,"Burgess, James",ACT,TCKL,--,--,--,--,CLE
OLB,56,"Butler, Donald",UFA,TCKL,28,0,0,--,MIA
OLB,57,"Bynes, Josh",UFA,TCKL,38,0,0,--,DET
LB,91,"Calhoun, Shilique",ACT,TCKL,9,0.5,0,--,OAK
LB,56,"Calvin, Johnathan",ACT,TCKL,--,--,--,--,GB
OLB,59,"Campbell, De'Vondre",ACT,TCKL,48,0,1,1,ATL
LB,42,"Capi, Cap",ACT,TCKL,--,--,--,--,ARI
ILB,59,"Carder, Tank",ACT,TCKL,5,0,0,--,CLE
OLB,44,"Carraway, Josh",ACT,TCKL,--,--,--,--,TEN
OLB,54,"Carter, Bruce",ACT,TCKL,16,0,0,--,NYJ
LB,55,"Carter, Chris",ACT,TCKL,8,0,0,0,WAS
LB,57,"Cash, Jeremy",ACT,TCKL,6,0,0,--,CAR
OLB,52,"Casillas, Jonathan",ACT,TCKL,96,1.5,1,--,NYG
OLB,53,"Catapano, Mike",UFA,TCKL,4,0,0,--,NYJ
LB,48,"Cherry, Don",ACT,TCKL,--,--,--,--,PHI
OLB,56,"Chickillo, Anthony",ACT,TCKL,29,2.5,2,--,PIT
LB,53,"Chubb, Brandon",RES,TCKL,--,--,--,--,DET
OLB,43,"Cliett, Reshard",ACT,TCKL,--,--,--,--,KC
LB,57,"Cole, Audie",ACT,TCKL,12,0,0,--,JAX
LB,51,"Cole, Dylan",ACT,TCKL,--,--,--,--,HOU
OLB,58,"Cole, Trent",UFA,TCKL,16,2,0,--,IND
OLB,51,"Collins, Jamie",ACT,TCKL,112,3,2,2,CLE
ILB,51,"Compton, Will",ACT,TCKL,106,0,1,1,WAS
ILB,51,"Correa, Kamalei",ACT,TCKL,4,0,1,--,BAL
LB,50,"Coyle, Brock",ACT,TCKL,16,1,0,--,SF
ILB,30,"Cravens, Su'a",ACT,TCKL,34,1,0,1,WAS
LB,41,"Cunningham, Zach",ACT,TCKL,--,--,--,--,HOU
ILB,56,"Cushing, Brian",ACT,TCKL,65,0,0,--,HOU
LB,56,"Dansby, Karlos",ACT,TCKL,114,1,0,--,ARI
OLB,54,"David, Lavonte",ACT,TCKL,87,5,4,1,TB
LB,56,"Davis, Demario",ACT,TCKL,99,2,1,--,NYJ
LB,40,"Davis, Jarrad",ACT,TCKL,--,--,--,--,DET
LB,60,"Davis, Kevin",ACT,TCKL,--,--,--,--,LA
LB,58,"Davis, P.J.",ACT,TCKL,--,--,--,--,JAX
OLB,58,"Davis, Thomas",ACT,TCKL,106,2.5,1,3,CAR
ILB,51,"Davis, Todd",ACT,TCKL,97,0.5,1,--,DEN
LB,47,"Dawson, P.J.",ACT,TCKL,1,0,0,--,CIN
OLB,50,"Dent, Akeem",UFA,TCKL,11,0,0,--,HOU
OLB,93,"Dodd, Kevin",ACT,TCKL,5,1,0,--,TEN
LB,53,"Donahue, Dylan",ACT,TCKL,--,--,--,--,NYJ
LB,59,"Dora, Vontarrius",ACT,TCKL,0,--,--,--,DEN
OLB,48,"Dupree, Bud",ACT,TCKL,24,4.5,1,--,PIT
LB,56,"Durant, Justin",UFA,TCKL,37,1,0,--,DAL
LB,48,"Dzubnar, Nick",ACT,TCKL,6,0,0,--,LAC
LB,50,"Ebukam, Samson",ACT,TCKL,--,--,--,--,LA
LB,91,"Edebali, Kasim",ACT,TCKL,11,1,0,--,DEN
LB,92,"Edwards, Lavar",ACT,TCKL,11,2,0,0,IND
LB,66,"Ekanem, Ken",ACT,TCKL,--,--,--,--,DEN
LB,49,"Ekpe, Hendrick",ACT,TCKL,--,--,--,--,CHI
LB,45,"Eligwe, Ukeme",ACT,TCKL,--,--,--,--,KC
OLB,59,"Ellerbe, Dannell",ACT,TCKL,44,4,0,--,NO
LB,91,"Elliott, Jay",ACT,TCKL,19,1,0,--,GB
ILB,47,"Ellis, Brooks",ACT,TCKL,--,--,--,--,NE
OLB,51,"Emanuel, Kyle",ACT,TCKL,58,0.5,1,--,LAC
LB,50,"Evans, Jordan",ACT,TCKL,--,--,--,--,CIN
OLB,51,"Fackrell, Kyler",ACT,TCKL,18,2,1,--,GB
LB,48,"Fleming, Ladell",ACT,TCKL,--,--,--,--,CLE
OLB,53,"Flowers, Marquis",ACT,TCKL,7,0,0,--,CIN
OLB,94,"Floyd, Leonard",ACT,TCKL,33,7,1,--,CHI
OLB,55,"Ford, Dee",ACT,TCKL,38,10,1,--,KC
OLB,59,"Forrest, Josh",ACT,TCKL,9,0,0,--,LA
LB,54,"Fort, L.J.",ACT,TCKL,4,0,0,--,PIT
ILB,54,"Foster, Mason",ACT,TCKL,124,1,1,--,WAS
LB,56,"Foster, Reuben",ACT,TCKL,--,--,--,--,SF
ILB,50,"Freeman, Jerrell",ACT,TCKL,110,0,0,--,CHI
OLB,55,"Freeny, Jonathan",ACT,TCKL,10,0,1,--,NE
OLB,59,"Fua, Alani",ACT,TCKL,1,0,0,--,ARI
OLB,52,"Gachkar, Andrew",UFA,TCKL,10,0,0,--,DAL
LB,46,"Galambos, Matt",ACT,TCKL,--,--,--,--,PIT
LB,58,"Galette, Junior",ACT,TCKL,--,--,--,--,WAS
LB,41,"Garcia-Williams, Jerrol",ACT,TCKL,--,--,--,--,DEN
LB,51,"Garvin, Terence",ACT,TCKL,16,0.5,0,--,SEA
LB,49,"Gause, Quentin",ACT,TCKL,2,0,0,--,DEN
ILB,42,"Gedeon, Ben",ACT,TCKL,--,--,--,--,MIN
LB,59,"George, Jeremiah",ACT,TCKL,--,--,--,--,IND
LB,47,"Gerry, Nate",ACT,TCKL,--,--,--,--,PHI
LB,47,"Gilbert, Jimmie",ACT,TCKL,--,--,--,--,SF
LB,93,"Gilbert, Reggie",ACT,TCKL,--,--,--,--,GB
LB,48,"Gilchrist, Keenan",ACT,TCKL,--,--,--,--,DAL
OLB,53,"Glanton, Adarius",ACT,TCKL,13,0,0,--,TB
OLB,44,"Golden, Markus",ACT,TCKL,51,12.5,4,--,ARI
LB,52,"Goode, Najee",ACT,TCKL,10,0,0,--,PHI
LB,52,"Gooden, Zaviar",ACT,TCKL,7,0,0,0,ARI
OLB,93,"Goodson, B.J.",ACT,TCKL,9,0,1,--,NYG
LB,56,"Grace, Jermaine",ACT,TCKL,--,--,--,--,ATL
LB,49,"Grant, Curtis",ACT,TCKL,--,--,--,--,NYG
OLB,54,"Green-Thompson, Shaq",ACT,TCKL,56,0,0,1,CAR
OLB,52,"Greenway, Chad",UFA,TCKL,41,0,0,1,MIN
LB,55,"Grigsby, Nicholas",ACT,TCKL,0,--,--,--,LA
OLB,54,"Grugier-Hill, Kamu",ACT,TCKL,8,0,0,--,PHI
ILB,54,"Hager, Bryce",ACT,TCKL,6,0,0,--,LA
OLB,91,"Hali, Tamba",ACT,TCKL,34,3.5,0,--,KC
OLB,57,"Harold, Eli",ACT,TCKL,37,3,1,--,SF
LB,49,"Harrell, Anthony",ACT,TCKL,--,--,--,--,BUF
LB,51,"Harris, David",ACT,TCKL,95,0.5,0,--,NE
LB,48,"Harris, Najee",ACT,TCKL,--,--,--,--,OAK
LB,58,"Harris, Nigel",ACT,TCKL,--,--,--,--,LAC
OLB,92,"Harrison, James",ACT,TCKL,53,5,2,1,PIT
LB,40,"Harvey-Clemons, Josh",ACT,TCKL,--,--,--,--,WAS
MLB,50,"Heeney, Ben",ACT,TCKL,15,0,0,--,OAK
LB,55,"Heiman, Cody",ACT,TCKL,--,--,--,--,GB
OLB,58,"Henderson, Erin",UFA,TCKL,21,0,0,--,NYJ
OLB,44,"Herzlich, Mark",ACT,TCKL,7,0,0,--,NYG
OLB,46,"Hewitt, Neville",ACT,TCKL,64,1,0,--,MIA
MLB,58,"Hicks, Jordan",ACT,TCKL,85,1,0,5,PHI
MLB,54,"Hightower, Dont'a",ACT,TCKL,65,2.5,1,--,NE
MLB,59,"Hitchens, Anthony",ACT,TCKL,78,1.5,0,--,DAL
LB,40,"Hodges, Gerald",ACT,TCKL,83,3,1,2,BUF
LB,69,"Hollins, Deon",ACT,TCKL,--,--,--,--,DEN
LB,49,"Horton, Justin",ACT,TCKL,--,--,--,--,JAX
OLB,99,"Houston, Lamarr",ACT,TCKL,4,0,0,--,CHI
OLB,50,"Houston, Justin",ACT,TCKL,21,4,1,--,KC
LB,41,"Huguenin, Farrington",ACT,TCKL,--,--,--,--,PIT
LB,45,"Hull, Mike",ACT,TCKL,33,0,0,1,MIA
LB,50,"Humber, Ramon",ACT,TCKL,16,0,0,--,BUF
OLB,51,"Irvin, Bruce",ACT,TCKL,57,7,6,--,OAK
LB,47,"Irving, Isaiah",ACT,TCKL,--,--,--,--,CHI
OLB,44,"Jack, Myles",ACT,TCKL,24,0.5,0,--,JAX
ILB,52,"Jackson, D'Qwell",UFA,TCKL,78,1,0,--,IND
ILB,53,"Jackson, Edwin",ACT,TCKL,66,2,0,--,IND
LB,53,"Jacobs, Ben",ACT,TCKL,0,--,--,--,CAR
MLB,57,"James, Cory",ACT,TCKL,48,0,1,--,OAK
LB,53,"Jenkins, Jelani",ACT,TCKL,29,0,0,--,OAK
OLB,48,"Jenkins, Jordan",ACT,TCKL,41,2.5,1,--,NYJ
ILB,56,"Johnson, Derrick",ACT,TCKL,90,1,0,1,KC
LB,51,"Johnson, Steven",ACT,TCKL,6,0,1,--,PIT
LB,51,"Johnson, Tre'Von",ACT,TCKL,--,--,--,--,ARI
OLB,55,"Jones, Chandler",ACT,TCKL,49,11,4,--,ARI
LB,52,"Jones, Christian",ACT,TCKL,15,0,0,--,CHI
MLB,45,"Jones, Deion",ACT,TCKL,108,0,1,3,ATL
LB,93,"Jones, Jarvis",ACT,TCKL,42,1,2,1,ARI
LB,43,"Jones, Joe",ACT,TCKL,--,--,--,--,DAL
LB,99,"Judon, Matt",ACT,TCKL,27,4,0,--,BAL
LB,57,"Kelsey, Keith",ACT,TCKL,--,--,--,--,PIT
MLB,54,"Kendricks, Eric",ACT,TCKL,109,2.5,1,1,MIN
OLB,95,"Kendricks, Mychal",ACT,TCKL,32,0,0,--,PHI
OLB,59,"Kennard, Devon",ACT,TCKL,61,1,1,--,NYG
OLB,91,"Kerrigan, Ryan",ACT,TCKL,33,11,2,--,WAS
LB,52,"Keyes, Josh",ACT,TCKL,3,0,0,0,ATL
OLB,44,"Kikaha, Hau'oli",ACT,TCKL,--,--,--,--,NO
LB,56,"King, Deon",ACT,TCKL,2,0,0,0,CLE
ILB,58,"Kirksey, Christian",ACT,TCKL,148,2.5,0,--,CLE
LB,53,"Klein, A.J.",ACT,TCKL,31,1,2,--,NO
LB,50,"Knox, Jeff",ACT,TCKL,--,--,--,--,TB
MLB,59,"Kuechly, Luke",ACT,TCKL,102,2,1,1,CAR
ILB,44,"Kwiatkoski, Nick",ACT,TCKL,44,1,1,--,CHI
LB,44,"Lacey, Deon",ACT,TCKL,--,--,--,--,MIA
LB,59,"Lamur, Emmanuel",ACT,TCKL,13,0,0,--,MIN
LB,48,"Langi, Harvey",ACT,TCKL,--,--,--,--,NE
LB,58,"Lawson, Carl",ACT,TCKL,--,--,--,--,CIN
ILB,50,"Lee, Darron",ACT,TCKL,73,1,0,--,NYJ
LB,56,"Lee, Elijah",ACT,TCKL,--,--,--,--,MIN
LB,47,"Lee, Eric",ACT,TCKL,--,--,--,--,HOU
LB,55,"Lee, Marquel",ACT,TCKL,--,--,--,--,OAK
OLB,50,"Lee, Sean",ACT,TCKL,145,0,0,--,DAL
OLB,44,"Lemonier, Corey",ACT,TCKL,9,2,1,0,NYJ
LB,59,"Letuligasenoa, Josh",ACT,TCKL,--,--,--,--,GB
OLB,54,"Levy, DeAndre",UFA,TCKL,21,0,0,--,DET
LB,46,"Lewis, LaTroy",ACT,TCKL,--,--,--,--,OAK
LB,48,"Lindsey, Jacob",ACT,TCKL,--,--,--,--,BUF
OLB,58,"Littleton, Cory",ACT,TCKL,20,0,0,--,LA
LB,46,"Logan, Abner",ACT,TCKL,--,--,--,--,BUF
LB,47,"Lokombo, Boseko",ACT,TCKL,--,--,--,--,BAL
OLB,54,"Longa, Steve",ACT,TCKL,0,--,--,--,DET
LB,47,"Lotulelei, John",ACT,TCKL,--,--,--,--,DAL
LB,59,"Louis, Lamar",ACT,TCKL,0,0,0,0,BAL
OLB,59,"Lynch, Aaron",ACT,TCKL,13,1.5,0,--,SF
LB,52,"Lynch, Cameron",ACT,TCKL,3,0,0,--,TB
LB,,"Lynn, Jack",ACT,TCKL,--,--,--,--,ATL
ILB,59,"March-Lillard, Justin",ACT,TCKL,22,0,0,--,KC
LB,46,"Marley, Nico",ACT,TCKL,--,--,--,--,WAS
ILB,54,"Marshall, Brandon",ACT,TCKL,52,0,0,--,DEN
LB,50,"Martin, Gabe",ACT,TCKL,4,0,0,--,ARI
LB,95,"Martin, Josh",ACT,TCKL,15,0.5,0,--,NYJ
LB,96,"Martin, Kareem",ACT,TCKL,10,1,1,--,ARI
ILB,50,"Martinez, Blake",ACT,TCKL,69,1,0,1,GB
OLB,44,"Matakevich, Tyler",ACT,TCKL,20,0,0,--,PIT
LB,49,"Mathews, Derrick",ACT,TCKL,--,--,--,--,GB
OLB,98,"Mathis, Robert",UFA,TCKL,20,5,3,--,IND
OLB,52,"Matthews, Clay",ACT,TCKL,24,5,1,--,GB
MLB,58,"Maualuga, Rey",UFA,TCKL,27,0,0,1,CIN
ILB,90,"Mauga, Josh",ACT,TCKL,--,--,--,--,KC
OLB,55,"Mauldin, Lorenzo",ACT,TCKL,16,2.5,0,1,NYJ
OLB,56,"Mauti, Michael",UFA,TCKL,9,1,1,--,NO
LB,55,"Mayo, David",ACT,TCKL,19,0,0,--,CAR
MLB,55,"McClain, Rolando",UFA,TCKL,--,--,--,--,DAL
OLB,50,"McClellan, Albert",ACT,TCKL,55,1,0,--,BAL
OLB,58,"McClellin, Shea",ACT,TCKL,41,1,0,--,NE
LB,41,"McDonald, Dewey",ACT,TCKL,8,0,0,--,SEA
ILB,55,"McKinney, Benardrick",ACT,TCKL,129,5,1,--,HOU
LB,57,"McKinzy, Cassanova",ACT,TCKL,--,--,--,--,LA
LB,52,"McMillan, Raekwon",ACT,TCKL,--,--,--,--,MIA
LB,45,"McNary, Josh",ACT,TCKL,23,0,1,--,JAX
OLB,92,"McPhee, Pernell",ACT,TCKL,16,4,1,--,CHI
OLB,59,"Mercilus, Whitney",ACT,TCKL,53,7.5,1,--,HOU
OLB,58,"Milano, Matt",ACT,TCKL,--,--,--,--,BUF
OLB,58,"Miller, Von",ACT,TCKL,78,13.5,3,--,DEN
LB,52,"Mingo, Barkevious",ACT,TCKL,11,0,0,--,IND
LB,51,"Minter, Kevin",ACT,TCKL,81,3.5,0,--,CIN
OLB,55,"Misi, Koa",ACT,TCKL,22,0,0,--,MIA
OLB,55,"Moats, Arthur",ACT,TCKL,21,3.5,0,--,PIT
LB,50,"Moore, Charmeachealle",ACT,TCKL,--,--,--,--,LAC
LB,54,"Moore, Sio",ACT,TCKL,65,0,2,0,HOU
OLB,91,"Morgan, Derrick",ACT,TCKL,33,9,0,--,TEN
OLB,57,"Morgan, Mike",UFA,TCKL,12,0,0,1,SEA
ILB,44,"Morrison, Antonio",ACT,TCKL,52,0,0,--,IND
LB,35,"Morrow, Nicholas",ACT,TCKL,--,--,--,--,OAK
ILB,57,"Mosley, C.J.",ACT,TCKL,92,0,1,4,BAL
LB,48,"Mount, Deiontrez",ACT,TCKL,0,--,--,--,IND
LB,46,"Munson, Calvin",ACT,TCKL,--,--,--,--,NYG
LB,93,"Murphy, Trent",ACT,TCKL,47,9,3,--,WAS
ILB,52,"Nelson, Corey",ACT,TCKL,67,0,0,--,DEN
LB,48,"Newsom, Donavin",ACT,TCKL,--,--,--,--,SF
LB,56,"Nickerson, Hardy",ACT,TCKL,--,--,--,--,CIN
LB,52,"Nicolas, Dadi",ACT,TCKL,0,0,0,--,KC
OLB,50,"Ninkovich, Rob",ACT,TCKL,32,4,1,--,NE
ILB,52,"Norris, Jared",ACT,TCKL,6,0,0,--,CAR
LB,46,"Nzeocha, Eric",ACT,TCKL,--,--,--,--,TB
OLB,53,"Nzeocha, Mark",ACT,TCKL,3,0,0,--,DAL
LB,51,"Ochi, Victor",ACT,TCKL,1,0,0,--,TEN
MLB,52,"Ogletree, Alec",ACT,TCKL,136,0,1,2,LA
LB,44,"Okine, Earl",ACT,TCKL,--,--,--,--,KC
LB,49,"Olugbode, Kenneth",ACT,TCKL,--,--,--,--,CLE
LB,49,"Onwualu, James",ACT,TCKL,--,--,--,--,LAC
ILB,48,"Onwuasor, Patrick",ACT,TCKL,21,0,1,--,BAL
OLB,98,"Orakpo, Brian",ACT,TCKL,46,10.5,1,--,TEN
LB,49,"Palacio, Kache",ACT,TCKL,--,--,--,--,SEA
LB,50,"Palmer, Nate",ACT,TCKL,12,0,0,--,TEN
LB,58,"Payne, Donald",ACT,TCKL,--,--,--,--,BAL
LB,58,"Paysinger, Spencer",ACT,TCKL,58,0,0,--,NYJ
LB,22,"Peppers, Jabrill",ACT,TCKL,--,--,--,--,CLE
ILB,53,"Perry, Joshua",ACT,TCKL,22,0,1,--,LAC
OLB,53,"Perry, Nick",ACT,TCKL,52,11,0,1,GB
ILB,52,"Perryman, Denzel",ACT,TCKL,72,2,0,1,LAC
LB,52,"Peters, Brian",ACT,TCKL,11,0,0,--,HOU
LB,97,"Peters, Otha",ACT,TCKL,--,--,--,--,SEA
OLB,58,"Pierre-Louis, Kevin",ACT,TCKL,12,0,0,--,SEA
LB,37,"Pinkins, Eric",ACT,TCKL,1,0,0,--,NYG
OLB,53,"Porter, Sean",UFA,TCKL,0,--,--,--,JAX
MLB,51,"Posluszny, Paul",ACT,TCKL,133,1.5,0,1,JAX
LB,59,"Powell, Ronald",ACT,TCKL,0,--,--,--,SEA
LB,58,"Pratt, Dayon",ACT,TCKL,--,--,--,--,HOU
LB,53,"President, Gimel",ACT,TCKL,--,--,--,--,HOU
OLB,52,"Pullard, Hayes",ACT,TCKL,9,0,0,--,JAX
LB,94,"Quinn, Robert",ACT,TCKL,10,4,2,--,LA
LB,49,"Ragin, Johnny",ACT,TCKL,--,--,--,--,TEN
ILB,59,"Ragland, Reggie",ACT,TCKL,--,--,--,--,BUF
LB,42,"Rashad, Shakeel",ACT,TCKL,--,--,--,--,HOU
OLB,56,"Ray, Shane",ACT,TCKL,48,8,1,--,DEN
LB,43,"Reddick, Haason",ACT,TCKL,--,--,--,--,ARI
LB,44,"Reeves-Maybin, Jalen",ACT,TCKL,--,--,--,--,DET
LB,57,"Reilly, Trevor",ACT,TCKL,2,0,0,--,MIA
OLB,57,"Rey, Vincent",ACT,TCKL,86,0,0,1,CIN
MLB,53,"Reynolds, LaRoy",ACT,TCKL,30,0,0,--,ATL
LB,46,"Rhodes, Luke",ACT,TCKL,0,--,--,--,IND
OLB,42,"Riley, Duke",ACT,TCKL,--,--,--,--,ATL
MLB,54,"Riley, Perry",UFA,TCKL,48,0,2,--,OAK
OLB,52,"Roberts, Elandon",ACT,TCKL,45,0,1,--,NE
LB,45,"Robertson, Pete",ACT,TCKL,--,--,--,--,WAS
OLB,52,"Robertson, Craig",ACT,TCKL,115,1,0,1,NO
LB,74,"Robertson-Harris, Roy",ACT,TCKL,--,--,--,--,CHI
OLB,51,"Robinson, Edmond",ACT,TCKL,2,0,0,--,MIN
LB,57,"Robinson, Keenan",ACT,TCKL,83,0,0,--,NYG
LB,54,"Rush, Marcus",ACT,TCKL,0,--,--,--,KC
ILB,47,"Ryan, Jake",ACT,TCKL,82,0,0,--,GB
LB,57,"Scarlett, Brennan",ACT,TCKL,13,0,0,--,HOU
LB,45,"Scearce, Alex",ACT,TCKL,--,--,--,--,CHI
OLB,53,"Schobert, Joe",ACT,TCKL,28,0.5,0,--,CLE
ILB,50,"Shazier, Ryan",ACT,TCKL,87,3.5,3,3,PIT
LB,93,"Sheard, Jabaal",ACT,TCKL,33,5,0,--,IND
LB,,"Sheldon, Brady",ACT,TCKL,--,--,--,--,OAK
MLB,91,"Sheppard, Kelvin",UFA,TCKL,50,0,0,--,NYG
LB,49,"Sickels, Garrett",ACT,TCKL,--,--,--,--,IND
LB,51,"Simon, John",ACT,TCKL,51,3.5,1,--,IND
LB,53,"Skinner, Deontae",ACT,TCKL,5,0,0,--,NYG
LB,57,"Skuta, Dan",ACT,TCKL,18,0,0,--,CHI
OLB,99,"Smith, Aldon",SUS,TCKL,--,--,--,--,OAK
OLB,51,"Smith, Daryl",UFA,TCKL,35,0,0,1,TB
OLB,54,"Smith, Jaylon",ACT,TCKL,--,--,--,--,DAL
OLB,51,"Smith, Malcolm",ACT,TCKL,103,0,2,1,SF
OLB,94,"Smith, Preston",ACT,TCKL,38,4.5,0,1,WAS
OLB,50,"Smith, Telvin",ACT,TCKL,118,1,0,2,JAX
ILB,48,"Smith, Terrance",ACT,TCKL,3,0,0,--,KC
OLB,90,"Smith, Za'Darius",ACT,TCKL,20,1,1,--,BAL
LB,45,"Snyder, Kevin",ACT,TCKL,--,--,--,--,DEN
OLB,50,"Spaight, Martrell",ACT,TCKL,28,0,0,1,WAS
LB,55,"Spence, Sean",ACT,TCKL,54,3,1,--,IND
LB,,"Spikes, Brandon",UFA,TCKL,9,0,0,--,BUF
ILB,51,"Stanford, Julian",ACT,TCKL,22,0,0,--,NYJ
LB,57,"Staples, Justin",ACT,TCKL,1,0,0,--,TEN
ILB,54,"Stupar, Nate",ACT,TCKL,58,1,2,1,NO
OLB,55,"Suggs, Terrell",ACT,TCKL,35,8,3,--,BAL
LB,57,"Talley, David",ACT,TCKL,--,--,--,--,GB
OLB,45,"Taumoepenu, Pita",ACT,TCKL,--,--,--,--,SF
LB,45,"Tautu, Sae",ACT,TCKL,--,--,--,--,NO
LB,51,"Te'o, Manti",ACT,TCKL,17,0,0,--,NO
OLB,55,"Thomas, J.T.",ACT,TCKL,0,--,--,--,NYG
ILB,48,"Thomas, Joe",ACT,TCKL,70,0,0,1,GB
LB,53,"Thompson, Carlos",ACT,TCKL,--,--,--,--,LA
LB,94,"Timmons, Lawrence",ACT,TCKL,114,2.5,1,2,MIA
ILB,53,"Timu, John",ACT,TCKL,19,0,0,--,CHI
ILB,56,"Toomer, Korey",ACT,TCKL,75,1,3,--,LAC
LB,48,"Trail, Lynden",ACT,TCKL,2,0,0,--,WAS
ILB,59,"Trevathan, Danny",ACT,TCKL,66,1,0,--,CHI
OLB,58,"Tripp, Jordan",ACT,TCKL,2,0,0,0,GB
LB,57,"Trusnik, Jason",UFA,TCKL,0,--,--,--,NO
OLB,50,"Tulloch, Stephen",UFA,TCKL,7,0,0,--,PHI
LB,46,"Usher, Nick",ACT,TCKL,--,--,--,--,SEA
LB,51,"Vallejo, Tanner",ACT,TCKL,--,--,--,--,BUF
OLB,53,"Van Noy, Kyle",ACT,TCKL,52,1,1,1,NE
ILB,59,"Vigil, Nick",ACT,TCKL,21,0,0,--,CIN
OLB,59,"Vigil, Zach",ACT,TCKL,2,0,0,0,WAS
LB,44,"Wacha, Lucas",ACT,TCKL,--,--,--,--,DAL
MLB,54,"Wagner, Bobby",ACT,TCKL,167,4.5,0,1,SEA
OLB,93,"Walden, Erik",UFA,TCKL,42,11,3,--,IND
LB,50,"Walker, Anthony",ACT,TCKL,--,--,--,--,IND
ILB,59,"Walker, Joe",ACT,TCKL,--,--,--,--,PHI
OLB,52,"Wallace, Aaron",ACT,TCKL,14,1,0,--,TEN
LB,58,"Washington, Daryl",UFA,TCKL,--,--,--,--,ARI
LB,57,"Washington, Shaan",ACT,TCKL,--,--,--,--,MIN
OLB,49,"Washington, Tony",ACT,TCKL,--,--,--,--,HOU
LB,97,"Watson, Dekoda",ACT,TCKL,17,1,1,--,SF
LB,90,"Watt, T.J.",ACT,TCKL,--,--,--,--,PIT
LB,58,"Watts, Brandon",ACT,TCKL,--,--,--,--,MIA
OLB,56,"Weatherspoon, Sean",UFA,TCKL,27,0,0,--,ATL
OLB,41,"Wheeler, Philip",UFA,TCKL,28,0,0,--,ATL
MLB,59,"Whitehead, Tahir",ACT,TCKL,132,0,0,--,DET
OLB,51,"Wilber, Kyle",ACT,TCKL,9,0,1,--,DAL
LB,52,"Wilhoite, Michael",ACT,TCKL,55,0.5,1,--,SEA
LB,50,"Williams, Avery",ACT,TCKL,--,--,--,--,HOU
OLB,52,"Williams, Antwione",ACT,TCKL,27,0,0,--,DET
OLB,56,"Williams, Tim",ACT,TCKL,--,--,--,--,BAL
LB,,"Williams, Tourek",UFA,TCKL,14,1,0,--,KC
ILB,98,"Williams, Vince",ACT,TCKL,47,2,0,--,PIT
ILB,54,"Williamson, Avery",ACT,TCKL,104,2,1,1,TEN
OLB,57,"Wilson, Damien",ACT,TCKL,34,0.5,0,--,DAL
LB,50,"Wilson, Eric",ACT,TCKL,--,--,--,--,MIN
ILB,53,"Wilson, Ramik",ACT,TCKL,76,0,1,1,KC
LB,56,"Woodson-Luster, Xavier",ACT,TCKL,--,--,--,--,OAK
ILB,59,"Woodyard, Wesley",ACT,TCKL,57,2,0,1,TEN
MLB,58,"Worrilow, Paul",ACT,TCKL,21,0,0,--,DET
OLB,50,"Wright, K.J.",ACT,TCKL,126,4,1,--,SEA
ILB,58,"Wright, Scooby",ACT,TCKL,2,0,0,0,ARI
OLB,97,"Young, Willie",ACT,TCKL,38,7.5,1,--,CHI
OLB,51,"Zombo, Frank",ACT,TCKL,41,1,1,--,KC
