Season,Position,FirstName,LastName,Team,Opp,Passing_Yds,Passing_TD,Passing_Int,Rushing_Yds,Rushing_TD,Receiving_Yds,Receiving_TD,Misc_FumTD,Misc_2PT,Fum_Lost,Fantasy_Points
2015,QB,Cam,Newton,CAR,@JAX,3837,35,10,636,10,0,0,0,0,4,389.08
2015,QB,Tom,Brady,NE,PIT,4770,36,7,53,3,36,0,0,0,2,343.7
2015,QB,Blake,Bortles,JAX,CAR,4428,35,18,310,2,0,0,0,1,5,316.12
2015,QB,Drew,Brees,NO,@ARI,4870,32,11,14,1,0,0,0,0,2,304.2
2015,QB,Russell,Wilson,SEA,@LA,3484,31,6,484,1,0,0,0,0,2,301.76
2015,QB,Aaron,Rodgers,GB,@CHI,3821,31,8,344,1,0,0,0,4,4,301.24
2015,QB,Kirk,Cousins,WAS,MIA,4166,29,11,48,5,0,0,0,2,3,293.44
2015,QB,Eli,Manning,NYG,@DAL,4432,35,14,61,0,0,0,0,0,4,287.38
2015,QB,Ryan,Fitzpatrick,TB,CLE,3905,31,15,270,2,0,0,0,0,2,285.2
2015,QB,Philip,Rivers,LAC,DET,4792,29,13,28,0,0,0,0,2,2,284.48
2015,QB,Matthew,Stafford,DET,@LAC,4017,30,12,154,1,-6,0,0,0,2,273.48
2015,QB,Derek,Carr,OAK,CIN,3987,32,13,138,0,0,0,0,1,3,271.28
2015,QB,Alex,Smith,KC,@HOU,3486,20,7,498,2,0,0,0,2,0,271.24
2015,QB,Carson,Palmer,ARI,NO,3963,32,10,25,1,0,0,0,0,2,271.02
2015,QB,Tyrod,Taylor,BUF,IND,3035,20,6,568,4,4,0,0,1,1,270.6
2015,QB,Ryan,Tannehill,MIAIR,@WAS,4208,24,12,141,1,9,0,0,1,3,257.32
2015,QB,Jameis,Winston,TB,TEN,3679,20,14,208,6,0,0,0,1,1,255.96
2015,QB,Matt,Ryan,ATL,PHI,4591,21,16,63,0,0,0,0,1,5,233.94
2015,QB,Ben,Roethlisberger,PIT,@NE,3938,21,16,29,0,-3,0,0,8,0,228.12
2015,QB,Andy,Dalton,CIN,@OAK,3017,22,6,138,3,0,0,0,0,2,224.48
2015,QB,Marcus,Mariota,TEN,@TB,2818,19,10,252,2,41,1,0,3,6,210.02
2015,QB,Jay,Cutler,MIA,GB,3401,18,11,177,1,0,0,0,1,5,201.74
2015,QB,Teddy,Bridgewater,MIN,@SF,3231,14,9,192,3,0,0,0,1,3,200.44
2015,QB,Sam,Bradford,MIN,@ATL,3725,19,14,39,0,0,0,0,0,3,194.9
2015,QB,Brian,Hoyer,SF,KC,2606,19,7,44,0,0,0,0,0,2,166.64
2015,QB,Joe,Flacco,BAL,@DEN,2791,14,12,23,3,0,0,0,1,2,161.94
2015,QB,Andrew,Luck,IND,@BUF,1881,15,12,196,0,0,0,0,1,1,130.84
2015,QB,Blaine,Gabbert,ARI,MIN,2031,10,7,185,1,0,0,0,0,1,129.74
2015,QB,Josh,McCown,NYJ,@NYJ,1839,12,4,77,1,0,0,0,2,4,123.26
2015,QB,Brock,Osweiler,CLE,BAL,1967,10,6,61,1,0,0,0,0,1,116.78
2015,QB,Colin,Kaepernick,Free,MIN,1453,6,5,228,1,0,0,0,1,1,100.92
2015,QB,Ryan,Mallett,BAL,@DEN,1336,5,6,15,1,0,0,0,1,0,70.94
2015,QB,Matt,Cassel,TEN,NYG,1276,5,7,78,0,0,0,0,1,0,66.84
2015,QB,Brandon,Weeden,HOU,KC,1043,5,2,47,1,0,0,0,0,1,66.42
2015,QB,AJ,McCarron,CIN,@OAK,851,6,2,31,0,0,0,0,0,1,55.14
2015,QB,Zach,Mettenberger,Free,@TB,935,4,7,8,1,0,0,0,0,2,42.2
2015,QB,Tony,Romo,Free,NYG,884,5,7,13,0,0,0,0,0,1,40.66
2015,QB,EJ,Manuel,OAK,IND,561,3,3,64,1,0,0,0,0,1,38.84
2015,QB,Kellen,Moore,DAL,NYG,779,4,6,-1,0,0,0,0,0,1,33.06
2015,QB,Mark,Sanchez,CHI,@ATL,616,4,4,22,0,0,0,0,0,1,32.84
2015,QB,Matt,Schaub,ATL,@DEN,540,3,4,10,0,0,0,0,0,0,26.6
2015,QB,Nick,Foles,PHI,SEA,656,2,5,15,0,0,0,0,0,0,25.74
2015,QB,T.J.,Yates,BUF,KC,370,3,1,0,0,0,0,0,0,1,22.8
2015,QB,Landry,Jones,PIT,@NE,513,3,4,-5,0,0,0,0,0,1,22.02
2015,QB,Geno,Smith,NYG,CLE,265,2,1,34,0,0,0,0,0,0,20
2015,QB,Case,Keenum,MIN,SEA,367,1,0,2,0,0,0,0,0,2,14.88
2015,QB,Luke,McCown,DAL,@ARI,335,0,1,0,0,0,0,0,0,0,11.4
2015,QB,Matt,McGloin,PHI,CIN,142,2,1,0,0,0,0,0,0,1,9.68
2015,QB,Colt,McCoy,WAS,MIA,128,1,0,-3,0,0,0,0,0,0,8.82
2015,QB,Ryan,Nassib,NO,@DAL,68,1,0,0,0,0,0,0,0,0,6.72
2015,QB,Kellen,Clemens,LAC,DET,63,1,0,-1,0,0,0,0,0,0,6.42
2015,QB,Derek,Anderson,CAR,@JAX,36,0,0,-2,0,0,0,0,0,0,1.24
2015,QB,Matt,Moore,MIA,@WAS,14,0,0,-2,0,0,0,0,0,0,0.36
2015,QB,Shaun,Hill,Free,@SF,15,0,0,-5,0,0,0,0,0,0,0.1
2015,QB,Matt,Barkley,SF,NO,0,0,0,0,0,0,0,0,0,0,0
2015,QB,C.J.,Beathard,SF,Bye,0,0,0,0,0,0,0,0,0,0,0
2015,QB,Trevone,Boykin,SEA,Bye,0,0,0,0,0,0,0,0,0,0,0
2015,QB,Tyler,Bray,KC,Bye,0,0,0,0,0,0,0,0,0,0,0
2015,QB,Jacoby,Brissett,NE,Bye,0,0,0,0,0,0,0,0,0,0,0
2015,QB,Connor,Cook,OAK,Bye,0,0,0,0,0,0,0,0,0,0,0
2015,QB,Joshua,Dobbs,PIT,Bye,0,0,0,0,0,0,0,0,0,0,0
2015,QB,Jeff,Driskel,CIN,Bye,0,0,0,0,0,0,0,0,0,0,0
2015,QB,Mike,Glennon,CHI,TEN,0,0,0,0,0,0,0,0,0,0,0
2015,QB,Jared,Goff,LA,Bye,0,0,0,0,0,0,0,0,0,0,0
2015,QB,Garrett,Grayson,NO,@ARI,0,0,0,0,0,0,0,0,0,0,0
2015,QB,Robert,Griffin III,Free,MIA,0,0,0,0,0,0,0,0,0,0,0
2015,QB,Christian,Hackenberg,NYJ,Bye,0,0,0,0,0,0,0,0,0,0,0
2015,QB,Chad,Henne,JAX,CAR,0,0,0,0,0,0,0,0,0,0,0
2015,QB,Kevin,Hogan,CLE,Bye,0,0,0,0,0,0,0,0,0,0,0
2015,QB,Brett,Hundley,GB,@CHI,0,0,0,0,0,0,0,0,0,0,0
2015,QB,Cardale,Jones,LAC,Bye,0,0,0,0,0,0,0,0,0,0,0
2015,QB,Brad,Kaaya,DET,Bye,0,0,0,0,0,0,0,0,0,0,0
2015,QB,Chad,Kelly,DEN,Bye,0,0,0,0,0,0,0,0,0,0,0
2015,QB,Cody,Kessler,CLE,Bye,0,0,0,0,0,0,0,0,0,0,0
2015,QB,DeShone,Kizer,CLE,Bye,0,0,0,0,0,0,0,0,0,0,0
2015,QB,Paxton,Lynch,DEN,Bye,0,0,0,0,0,0,0,0,0,0,0
2015,QB,Patrick,Mahomes,KC,Bye,0,0,0,0,0,0,0,0,0,0,0
2015,QB,Sean,Mannion,LA,SEA,0,0,0,0,0,0,0,0,0,0,0
2015,QB,Aaron,Murray,Free,@HOU,0,0,0,0,0,0,0,0,0,0,0
2015,QB,Nathan,Peterman,BUF,Bye,0,0,0,0,0,0,0,0,0,0,0
2015,QB,Bryce,Petty,NYJ,CLE,0,0,0,0,0,0,0,0,0,0,0
2015,QB,Dak,Prescott,DAL,Bye,0,0,0,0,0,0,0,0,0,0,0
2015,QB,Jake,Rudock,DET,Bye,0,0,0,0,0,0,0,0,0,0,0
2015,QB,Tom,Savage,HOU,KC,0,0,0,0,0,0,0,0,0,0,0
2015,QB,Connor,Shaw,CHI,@NYJ,0,0,0,0,0,0,0,0,0,0,0
2015,QB,Joel,Stave,KC,Bye,0,0,0,0,0,0,0,0,0,0,0
2015,QB,Tim,Tebow,Free,Bye,0,0,0,0,0,0,0,0,0,0,0
2015,QB,Mitchell,Trubisky,CHI,Bye,0,0,0,0,0,0,0,0,0,0,0
2015,QB,Deshaun,Watson,HOU,Bye,0,0,0,0,0,0,0,0,0,0,0
2015,QB,Davis,Webb,NYG,Bye,0,0,0,0,0,0,0,0,0,0,0
2015,QB,Carson,Wentz,PHI,Bye,0,0,0,0,0,0,0,0,0,0,0
2015,QB,Chase,Daniel,NO,@HOU,4,0,0,-2,0,0,0,0,0,0,-0.04
2015,QB,Trevor,Siemian,DEN,BAL,0,0,0,-1,0,0,0,0,0,0,-0.1
2015,QB,Scott,Tolzien,IND,@CHI,4,0,0,-3,0,0,0,0,0,0,-0.14
2015,QB,Jimmy,Garoppolo,NE,PIT,6,0,0,-5,0,0,0,0,0,0,-0.26
2015,QB,Drew,Stanton,ARI,NO,98,0,2,-10,0,0,0,0,0,0,-1.08
2015,QB,Brandon,Allen,JAX,Bye,0,0,0,0,0,0,0,0,0,0,0
2015,QB,Bart,Houston,PIT,Bye,0,0,0,0,0,0,0,0,0,0,0
2015,QB,Stephen,Morris,IND,Bye,0,0,0,0,0,0,0,0,0,0,0
2015,QB,Cooper,Rush,DAL,Bye,0,0,0,0,0,0,0,0,0,0,0
2015,QB,Joe,Webb,CAR,@JAX,0,0,0,0,0,0,0,0,0,0,0
2015,RB,Devonta,Freeman,ATL,PHI,0,0,0,1056,11,578,3,0,0,2,243.4
2015,RB,Adrian,Peterson,NO,@SF,0,0,0,1485,11,222,0,0,0,3,230.7
2015,RB,DeAngelo,Williams,Free,@NE,0,0,0,907,11,367,0,0,1,2,191.4
2015,RB,Doug,Martin,TB,TEN,0,0,0,1311,6,265,1,0,0,5,189.6
2015,RB,Lamar,Miller,HOU,@WAS,0,0,0,872,8,397,2,0,0,1,184.9
2015,RB,Chris,Ivory,JAX,CLE,0,0,0,1070,7,217,1,0,0,2,172.7
2015,RB,Matt,Forte,NYJ,GB,0,0,0,898,4,389,3,0,1,1,170.7
2015,RB,Latavius,Murray,MIN,CIN,0,0,0,1066,6,232,0,0,0,1,163.8
2015,RB,Danny,Woodhead,BAL,DET,0,0,0,336,3,755,6,0,0,0,163.1
2015,RB,Frank,Gore,IND,@BUF,0,0,0,967,6,267,1,0,0,3,159.4
2015,RB,Darren,McFadden,DAL,NYG,0,0,0,1089,3,328,0,0,1,3,155.7
2015,RB,Mark,Ingram,NO,@ARI,0,0,0,769,6,405,0,0,1,1,153.4
2015,RB,Jonathan,Stewart,CAR,@JAX,0,0,0,989,6,99,1,0,0,2,146.8
2015,RB,LeSean,McCoy,BUF,IND,0,0,0,895,3,292,2,0,1,2,146.7
2015,RB,Jeremy,Hill,CIN,@OAK,0,0,0,708,11,65,1,0,1,3,145.3
2015,RB,David,Johnson,ARI,NO,0,0,0,464,8,373,2,0,0,0,143.7
2015,RB,DeMarco,Murray,TEN,@ATL,0,0,0,702,6,322,1,0,0,2,140.4
2015,RB,Ronnie,Hillman,DAL,BAL,0,0,0,863,7,111,0,0,0,1,137.4
2015,RB,Rashad,Jennings,Free,@DAL,0,0,0,863,3,296,1,0,0,2,135.9
2015,RB,Giovani,Bernard,CIN,@OAK,0,0,0,714,2,421,0,0,0,0,125.5
2015,RB,James,Starks,Free,@CHI,0,0,0,601,2,392,3,0,0,3,123.3
2015,RB,Charles,Sims,TB,TEN,0,0,0,479,0,539,4,0,0,2,121.8
2015,RB,Eddie,Lacy,SEA,@CHI,0,0,0,758,3,188,2,0,0,2,120.6
2015,RB,T.J.,Yeldon,JAX,CAR,0,0,0,740,2,279,1,0,0,0,119.9
2015,RB,Thomas,Rawls,SEA,@LA,0,0,0,825,4,76,1,0,0,1,118.1
2015,RB,Isaiah,Crowell,CLE,@NYJ,0,0,0,697,4,182,1,0,0,0,117.9
2015,RB,LeGarrette,Blount,PHI,PIT,0,0,0,703,6,43,1,0,0,0,116.6
2015,RB,C.J.,Anderson,DEN,BAL,0,0,0,720,5,183,0,0,0,2,116.3
2015,RB,Karlos,Williams,Free,IND,0,0,0,517,7,96,2,0,0,1,113.3
2015,RB,Charcandrick,West,KC,@HOU,0,0,0,634,4,214,1,0,0,1,112.8
2015,RB,Ryan,Mathews,Free,@ATL,0,0,0,539,6,146,1,0,0,3,104.5
2015,RB,Javorius,Allen,BAL,@DEN,0,0,0,514,1,353,2,0,0,2,100.7
2015,RB,Shane,Vereen,NYG,@DAL,0,0,0,260,0,494,4,0,0,0,99.4
2015,RB,Alfred,Blue,HOU,KC,0,0,0,698,2,109,1,0,0,1,96.7
2015,RB,Matt,Jones,WAS,MIA,0,0,0,490,3,304,1,0,0,4,95.4
2015,RB,Jeremy,Langford,CHI,GB,0,0,0,464,5,170,0,0,1,0,95.4
2015,RB,Darren,Sproles,PHI,@ATL,0,0,0,317,3,388,1,0,0,0,94.5
2015,RB,Duke,Johnson,CLE,@NYJ,0,0,0,362,0,461,2,0,0,0,94.3
2015,RB,Theo,Riddick,DET,@LAC,0,0,0,115,0,653,3,0,0,1,92.8
2015,RB,Chris,Johnson,ARI,NO,0,0,0,731,3,47,0,0,0,2,91.8
2015,RB,Justin,Forsett,Free,@DEN,0,0,0,641,2,153,0,0,0,0,91.4
2015,RB,Antonio,Andrews,Free,@TB,41,1,0,520,3,174,0,0,0,1,91.04
2015,RB,Bilal,Powell,NYJ,CLE,0,0,0,313,1,388,2,0,0,0,88.1
2015,RB,Ameer,Abdullah,DET,@LAC,0,0,0,574,2,162,1,0,0,2,87.6
2015,RB,Le'Veon,Bell,PIT,@NE,0,0,0,556,3,136,0,0,0,0,87.2
2015,RB,Alfred,Morris,DAL,MIA,0,0,0,751,1,55,0,0,0,0,86.6
2015,RB,Dion,Lewis,NE,PIT,0,0,0,234,2,388,2,0,0,1,84.2
2015,RB,James,White,NE,PIT,0,0,0,56,2,410,4,0,0,0,82.6
2015,RB,Jamaal,Charles,DEN,@HOU,0,0,0,364,4,177,1,0,0,2,80.1
2015,RB,Spencer,Ware,KC,@HOU,0,0,0,403,6,5,0,0,0,0,76.8
2015,RB,Melvin,Gordon,LAC,DET,0,0,0,641,0,192,0,0,0,4,75.3
2015,RB,Tim,Hightower,SF,@ARI,0,0,0,375,4,129,0,0,0,0,74.4
2015,RB,Carlos,Hyde,SF,MIN,0,0,0,470,3,53,0,0,0,0,70.3
2015,RB,Mike,Tolbert,BUF,@JAX,0,0,0,256,1,154,3,0,0,0,65
2015,RB,Jerick,McKinnon,MIN,@SF,0,0,0,271,2,173,1,0,0,0,62.4
2015,RB,Andre,Ellington,ARI,NO,0,0,0,289,3,148,0,0,0,1,59.7
2015,RB,Jonathan,Grimes,JAX,KC,0,0,0,282,1,173,1,0,1,0,59.5
2015,RB,Chris,Thompson,WAS,MIA,0,0,0,216,0,240,2,0,0,0,57.6
2015,RB,Marshawn,Lynch,OAK,@LA,0,0,0,344,3,49,0,0,0,0,57.3
2015,RB,Kyle,Juszczyk,SF,@DEN,0,0,0,3,0,321,4,0,0,0,56.4
2015,RB,Khiry,Robinson,Free,@ARI,0,0,0,180,4,115,0,0,0,0,53.5
2015,RB,Shaun,Draughn,NYG,MIN,0,0,0,273,1,176,0,0,0,0,50.9
2015,RB,Brandon,Bolden,NE,PIT,0,0,0,207,0,180,2,0,0,0,50.7
2015,RB,Marcel,Reece,SEA,CIN,0,0,0,36,0,269,3,0,0,0,48.5
2015,RB,C.J.,Spiller,KC,@ARI,0,0,0,112,0,239,2,0,0,0,47.1
2015,RB,Denard,Robinson,Free,CAR,0,0,0,266,1,164,0,0,0,1,47
2015,RB,Mike,Gillislee,NE,IND,0,0,0,267,3,29,0,0,0,1,45.6
2015,RB,Todd,Gurley,LA,SEA,0,0,0,323,2,25,0,0,0,1,44.8
2015,RB,Bishop,Sankey,MINIR,@TB,0,0,0,193,1,139,1,0,0,1,43.2
2015,RB,Tevin,Coleman,ATL,PHI,0,0,0,392,1,14,0,0,0,3,40.6
2015,RB,Jay,Ajayi,MIA,@WAS,0,0,0,187,1,90,0,0,1,0,35.7
2015,RB,Andre,Williams,LAC,@DAL,0,0,0,257,1,7,0,0,1,0,34.4
2015,RB,Ka'Deem,Carey,CHI,GB,0,0,0,103,2,19,1,0,0,0,30.2
2015,RB,Cameron,Artis-Payne,CAR,@JAX,0,0,0,183,1,58,0,0,0,0,30.1
2015,RB,Zach,Line,NO,@SF,0,0,0,10,2,95,1,0,0,0,28.5
2015,RB,Travaris,Cadet,NO,@ARI,0,0,0,28,0,214,1,0,0,1,28.2
2015,RB,Lance,Dunbar,LA,NYG,0,0,0,67,0,215,0,0,0,0,28.2
2015,RB,Ty,Montgomery,GB,@CHI,0,0,0,14,0,136,2,0,0,0,27
2015,RB,DuJuan,Harris,JAX,MIN,0,0,0,189,0,97,0,0,0,1,26.6
2015,RB,Jamize,Olawale,OAK,CIN,0,0,0,110,1,84,0,0,0,0,25.4
2015,RB,Matt,Asiata,DET,@SF,0,0,0,112,0,132,0,0,0,0,24.4
2015,RB,Orleans,Darkwa,NYG,@DAL,0,0,0,153,1,31,0,0,0,0,24.4
2015,RB,Robert,Turbin,IND,NYG,0,0,0,169,1,15,0,0,0,0,24.4
2015,RB,Damien,Williams,MIA,@WAS,0,0,0,59,0,142,1,0,0,1,24.1
2015,RB,Christine,Michael,INDIR,@LA,0,0,0,237,0,2,0,0,0,0,23.9
2015,RB,Fozzy,Whittaker,CAR,@JAX,0,0,0,108,1,64,0,0,0,0,23.2
2015,RB,Patrick,DiMarco,BUF,PHI,0,0,0,0,0,110,2,0,0,0,23
2015,RB,Terron,Ward,ATL,PHI,0,0,0,95,1,73,0,0,0,0,22.8
2015,RB,Taiwan,Jones,BUF,CIN,0,0,0,74,0,106,1,0,0,1,22
2015,RB,Branden,Oliver,LAC,DET,0,0,0,108,0,112,0,0,0,0,22
2015,RB,Terrance,West,BAL,@DEN,0,0,0,231,0,21,0,0,0,2,21.2
2015,RB,David,Cobb,Free,@TB,0,0,0,146,1,-2,0,0,0,0,20.4
2015,RB,John,Kuhn,NO,@CHI,0,0,0,28,2,56,0,0,0,0,20.4
2015,RB,Benny,Cunningham,CHI,SEA,0,0,0,50,0,127,0,0,0,0,17.7
2015,RB,Jalston,Fowler,TEN,@TB,0,0,0,13,1,44,1,0,0,0,17.7
2015,RB,Tre,Mason,Free,SEA,0,0,0,97,1,15,0,0,0,0,17.2
2015,RB,Knile,Davis,PIT,@HOU,0,0,0,72,1,24,0,0,0,0,15.6
2015,RB,Lorenzo,Taliaferro,BAL,@DEN,0,0,0,47,1,29,0,0,0,0,13.6
2015,RB,Akeem,Hunt,HOU,KC,0,0,0,96,0,39,0,0,0,0,13.5
2015,RB,Rex,Burkhead,NE,@OAK,0,0,0,0,0,90,1,0,0,1,13
2015,RB,Kenjon,Barner,LAC,@ATL,0,0,0,124,0,22,0,0,0,1,12.6
2015,RB,Will,Johnson,Free,@NE,0,0,0,7,1,16,0,0,1,0,10.3
2015,RB,Austin,Johnson,TB,@ARI,0,0,0,9,1,30,0,0,0,0,9.9
2015,RB,Juwan,Thompson,DEN,BAL,0,0,0,48,0,51,0,0,0,0,9.9
2015,RB,Kerwynn,Williams,ARI,NO,0,0,0,83,0,16,0,0,0,1,7.9
2015,RB,Mike,Davis,SEA,MIN,0,0,0,54,0,24,0,0,0,0,7.8
2015,RB,Zach,Zenner,DET,@LAC,0,0,0,60,0,11,0,0,0,0,7.1
2015,RB,Fitzgerald,Toussaint,PIT,@NE,0,0,0,42,0,0,0,0,1,0,6.2
2015,RB,Jacquizz,Rodgers,TB,GB,0,0,0,41,0,10,0,0,0,0,5.1
2015,RB,Stepfan,Taylor,Free,NO,0,0,0,38,0,4,0,0,0,0,4.2
2015,RB,Anthony,Sherman,KC,@HOU,0,0,0,0,0,34,0,0,0,0,3.4
2015,RB,Jay,Prosch,HOU,KC,0,0,0,33,0,0,0,0,0,0,3.3
2015,RB,Jordan,Todman,HOU,@NE,0,0,0,22,0,0,0,0,0,0,2.2
2015,RB,John,Crockett,OAK,@CHI,0,0,0,21,0,0,0,0,0,0,2.1
2015,RB,Aaron,Ripkowski,GB,@CHI,0,0,0,0,0,18,0,0,0,0,1.8
2015,RB,Malcolm,Brown,LA,SEA,0,0,0,17,0,-2,0,0,0,0,1.5
2015,RB,Jerome,Felton,Free,IND,0,0,0,2,0,12,0,0,0,0,1.4
2015,RB,Bobby,Rainey,BAL,TEN,0,0,0,18,0,16,0,0,0,1,1.4
2015,RB,Antone,Smith,Free,Bye,0,0,0,11,0,0,0,0,0,0,1.1
2015,RB,Rod,Smith,DAL,NYG,0,0,0,5,0,6,0,0,0,0,1.1
2015,RB,George,Winn,INDIR,@LAC,0,0,0,1,0,0,0,0,0,0,0.1
2015,RB,Dri,Archer,Free,Bye,0,0,0,0,0,0,0,0,0,0,0
2015,RB,George,Atkinson,OAK,Bye,0,0,0,0,0,0,0,0,0,0,0
2015,RB,Joe,Banyard,BUF,CAR,0,0,0,0,0,0,0,0,0,0,0
2015,RB,Peyton,Barber,TB,Bye,0,0,0,0,0,0,0,0,0,0,0
2015,RB,Kapri,Bibbs,SF,BAL,0,0,0,0,0,0,0,0,0,0,0
2015,RB,Devontae,Booker,DEN,Bye,0,0,0,0,0,0,0,0,0,0,0
2015,RB,Matt,Breida,SF,Bye,0,0,0,0,0,0,0,0,0,0,0
2015,RB,Zac,Brooks,Free,Bye,0,0,0,0,0,0,0,0,0,0,0
2015,RB,Mack,Brown,WAS,MIA,0,0,0,0,0,0,0,0,0,0,0
2015,RB,Brandon,Burks,Free,Bye,0,0,0,0,0,0,0,0,0,0,0
2015,RB,Chris,Carson,SEA,Bye,0,0,0,0,0,0,0,0,0,0,0
2015,RB,Tra,Carson,CIN,Bye,0,0,0,0,0,0,0,0,0,0,0
2015,RB,Corey,Clement,PHI,Bye,0,0,0,0,0,0,0,0,0,0,0
2015,RB,Tarik,Cohen,CHI,Bye,0,0,0,0,0,0,0,0,0,0,0
2015,RB,Alex,Collins,SEA,Bye,0,0,0,0,0,0,0,0,0,0,0
2015,RB,James,Conner,PIT,Bye,0,0,0,0,0,0,0,0,0,0,0
2015,RB,Dalvin,Cook,MIN,Bye,0,0,0,0,0,0,0,0,0,0,0
2015,RB,Alan,Cross,TB,Bye,0,0,0,0,0,0,0,0,0,0,0
2015,RB,LeShun,Daniels,NE,Bye,0,0,0,0,0,0,0,0,0,0,0
2015,RB,Justin,Davis,LA,Bye,0,0,0,0,0,0,0,0,0,0,0
2015,RB,Matt,Dayes,CLE,Bye,0,0,0,0,0,0,0,0,0,0,0
2015,RB,James,Develin,NE,PIT,0,0,0,0,0,0,0,0,0,0,0
2015,RB,Kenneth,Dixon,BAL,Bye,0,0,0,0,0,0,0,0,0,0,0
2015,RB,Kenyan,Drake,MIA,Bye,0,0,0,0,0,0,0,0,0,0,0
2015,RB,Austin,Ekeler,LAC,Bye,0,0,0,0,0,0,0,0,0,0,0
2015,RB,Ezekiel,Elliott,DAL,Bye,0,0,0,0,0,0,0,0,0,0,0
2015,RB,Tyler,Ervin,HOU,Bye,0,0,0,0,0,0,0,0,0,0,0
2015,RB,Kenneth,Farrow,LAC,Bye,0,0,0,0,0,0,0,0,0,0,0
2015,RB,Josh,Ferguson,IND,Bye,0,0,0,0,0,0,0,0,0,0,0
2015,RB,D'Onta,Foreman,HOU,Bye,0,0,0,0,0,0,0,0,0,0,0
2015,RB,D.J.,Foster,NE,Bye,0,0,0,0,0,0,0,0,0,0,0
2015,RB,Leonard,Fournette,JAX,Bye,0,0,0,0,0,0,0,0,0,0,0
2015,RB,Wayne,Gallman,NYG,Bye,0,0,0,0,0,0,0,0,0,0,0
2015,RB,Aaron,Green,LA,Bye,0,0,0,0,0,0,0,0,0,0,0
2015,RB,Tion,Green,DET,Bye,0,0,0,0,0,0,0,0,0,0,0
2015,RB,Glenn,Gronkowski,NE,Bye,0,0,0,0,0,0,0,0,0,0,0
2015,RB,C.J.,Ham,MIN,Bye,0,0,0,0,0,0,0,0,0,0,0
2015,RB,De'Angelo,Henderson,DEN,Bye,0,0,0,0,0,0,0,0,0,0,0
2015,RB,Derrick,Henry,TEN,Bye,0,0,0,0,0,0,0,0,0,0,0
2015,RB,Quayvon,Hicks,Free,Bye,0,0,0,0,0,0,0,0,0,0,0
2015,RB,Brian,Hill,ATL,Bye,0,0,0,0,0,0,0,0,0,0,0
2015,RB,Elijah,Hood,OAK,Bye,0,0,0,0,0,0,0,0,0,0,0
2015,RB,Jordan,Howard,CHI,Bye,0,0,0,0,0,0,0,0,0,0,0
2015,RB,Kareem,Hunt,KC,Bye,0,0,0,0,0,0,0,0,0,0,0
2015,RB,Don,Jackson,Free,Bye,0,0,0,0,0,0,0,0,0,0,0
2015,RB,Mike,James,DETIR,TEN,0,0,0,0,0,0,0,0,0,0,0
2015,RB,Andy,Janovich,DEN,Bye,0,0,0,0,0,0,0,0,0,0,0
2015,RB,Devon,Johnson,Free,Bye,0,0,0,0,0,0,0,0,0,0,0
2015,RB,Storm,Johnson,MIA,Bye,0,0,0,0,0,0,0,0,0,0,0
2015,RB,Aaron,Jones,GB,Bye,0,0,0,0,0,0,0,0,0,0,0
2015,RB,Alvin,Kamara,NO,Bye,0,0,0,0,0,0,0,0,0,0,0
2015,RB,Rob,Kelley,WAS,Bye,0,0,0,0,0,0,0,0,0,0,0
2015,RB,Daniel,Lasco,NO,Bye,0,0,0,0,0,0,0,0,0,0,0
2015,RB,T.J.,Logan,ARI,Bye,0,0,0,0,0,0,0,0,0,0,0
2015,RB,Marlon,Mack,IND,Bye,0,0,0,0,0,0,0,0,0,0,0
2015,RB,Tre,Madden,SEA,Bye,0,0,0,0,0,0,0,0,0,0,0
2015,RB,Keith,Marshall,WASIR,Bye,0,0,0,0,0,0,0,0,0,0,0
2015,RB,Devante,Mays,GB,Bye,0,0,0,0,0,0,0,0,0,0,0
2015,RB,Christian,McCaffrey,CAR,Bye,0,0,0,0,0,0,0,0,0,0,0
2015,RB,Elijah,McGuire,NYJ,Bye,0,0,0,0,0,0,0,0,0,0,0
2015,RB,J.D.,McKissic,SEA,Bye,0,0,0,0,0,0,0,0,0,0,0
2015,RB,Jeremy,McNichols,TB,Bye,0,0,0,0,0,0,0,0,0,0,0
2015,RB,Joe,Mixon,CIN,Bye,0,0,0,0,0,0,0,0,0,0,0
2015,RB,Khalfani,Muhammad,TEN,Bye,0,0,0,0,0,0,0,0,0,0,0
2015,RB,Dare,Ogunbowale,HOU,Bye,0,0,0,0,0,0,0,0,0,0,0
2015,RB,Cedric,Peerman,CINIR,@OAK,0,0,0,0,0,0,0,0,0,0,0
2015,RB,Samaje,Perine,WAS,Bye,0,0,0,0,0,0,0,0,0,0,0
2015,RB,Paul,Perkins,NYG,Bye,0,0,0,0,0,0,0,0,0,0,0
2015,RB,Troymaine,Pope,IND,Bye,0,0,0,0,0,0,0,0,0,0,0
2015,RB,Jhurrell,Pressley,ATL,Bye,0,0,0,0,0,0,0,0,0,0,0
2015,RB,C.J.,Prosise,SEA,Bye,0,0,0,0,0,0,0,0,0,0,0
2015,RB,DJ,Pumphrey,PHI,Bye,0,0,0,0,0,0,0,0,0,0,0
2015,RB,Darrin,Reaves,Free,@HOU,0,0,0,0,0,0,0,0,0,0,0
2015,RB,Devine,Redding,KC,Bye,0,0,0,0,0,0,0,0,0,0,0
2015,RB,Jalen,Richard,OAK,Bye,0,0,0,0,0,0,0,0,0,0,0
2015,RB,Daryl,Richardson,IND,@NYJ,0,0,0,0,0,0,0,0,0,0,0
2015,RB,Sam,Rogers,LA,Bye,0,0,0,0,0,0,0,0,0,0,0
2015,RB,Wendell,Smallwood,PHI,Bye,0,0,0,0,0,0,0,0,0,0,0
2015,RB,Kelvin,Taylor,ATL,Bye,0,0,0,0,0,0,0,0,0,0,0
2015,RB,Daryl,Virgies,Free,Bye,0,0,0,0,0,0,0,0,0,0,0
2015,RB,Danny,Vitale,CLE,Bye,0,0,0,0,0,0,0,0,0,0,0
2015,RB,DeAndre,Washington,OAK,Bye,0,0,0,0,0,0,0,0,0,0,0
2015,RB,Dwayne,Washington,DET,Bye,0,0,0,0,0,0,0,0,0,0,0
2015,RB,Terrell,Watson,PIT,@OAK,0,0,0,0,0,0,0,0,0,0,0
2015,RB,Derek,Watt,LAC,Bye,0,0,0,0,0,0,0,0,0,0,0
2015,RB,Brandon,Wilds,CLE,Bye,0,0,0,0,0,0,0,0,0,0,0
2015,RB,Jamaal,Williams,GB,Bye,0,0,0,0,0,0,0,0,0,0,0
2015,RB,Joe,Williams,SF,Bye,0,0,0,0,0,0,0,0,0,0,0
2015,RB,Jonathan,Williams,BUF,Bye,0,0,0,0,0,0,0,0,0,0,0
2015,RB,Marquez,Williams,JAX,Bye,0,0,0,0,0,0,0,0,0,0,0
2015,RB,Brandon,Wilson,CIN,Bye,0,0,0,0,0,0,0,0,0,0,0
2015,RB,Corey,Grant,JAX,CAR,0,0,0,2,0,13,0,0,0,1,-0.5
2015,RB,Marcus,Murphy,NYJ,@ARI,0,0,0,0,0,0,0,0,0,1,-2
2015,RB,Glenn,Winston,Free,@NYJ,0,0,0,-8,0,0,0,0,0,1,-2.8
2015,RB,Taquan,Mizzell,BAL,Bye,0,0,0,0,0,0,0,0,0,0,0
2015,RB,Raheem,Mostert,SF,@NYJ,0,0,0,0,0,0,0,0,0,0,0
2015,WR,Antonio,Brown,PIT,@NE,0,0,0,28,0,1834,10,0,2,2,246.2
2015,WR,Julio,Jones,ATL,PHI,0,0,0,0,0,1871,8,1,0,1,239.1
2015,WR,Brandon,Marshall,NYG,CLE,0,0,0,0,0,1502,14,0,0,2,230.2
2015,WR,Allen,Robinson,JAX,CAR,0,0,0,0,0,1400,14,0,0,0,224
2015,WR,Odell,Beckham,NYG,@DAL,0,0,0,3,0,1450,13,0,0,0,223.3
2015,WR,DeAndre,Hopkins,HOU,KC,0,0,0,0,0,1521,11,0,1,0,220.1
2015,WR,Eric,Decker,TEN,CLE,0,0,0,0,0,1027,12,0,0,1,172.7
2015,WR,Doug,Baldwin,SEA,@LA,0,0,0,0,0,916,13,0,0,0,169.6
2015,WR,Brandin,Cooks,NE,@ARI,0,0,0,18,0,1138,9,0,0,0,169.6
2015,WR,A.J.,Green,CIN,@OAK,0,0,0,0,0,1236,8,0,0,1,169.6
2015,WR,Demaryius,Thomas,DEN,BAL,0,0,0,0,0,1304,6,0,0,2,162.4
2015,WR,Allen,Hurns,JAX,CAR,0,0,0,0,0,1031,10,0,0,1,161.1
2015,WR,Jarvis,Landry,MIA,@WAS,9,0,0,113,1,1157,4,0,1,0,159.36
2015,WR,Sammy,Watkins,LA,IND,0,0,0,1,0,1047,9,0,0,0,158.8
2015,WR,Larry,Fitzgerald,ARI,NO,0,0,0,0,0,1061,9,0,0,1,158.1
2015,WR,Jeremy,Maclin,BAL,@HOU,0,0,0,14,0,1088,8,0,0,1,156.2
2015,WR,Emmanuel,Sanders,DEN,BAL,0,0,0,29,0,1135,6,0,0,2,148.4
2015,WR,Michael,Crabtree,OAK,CIN,0,0,0,0,0,922,9,0,0,0,146.2
2015,WR,Jordan,Matthews,BUF,@ATL,0,0,0,0,0,997,8,0,0,1,145.7
2015,WR,T.Y.,Hilton,IND,@BUF,0,0,0,0,0,1124,5,0,0,0,142.4
2015,WR,Amari,Cooper,OAK,CIN,0,0,0,-3,0,1070,6,0,0,1,140.7
2015,WR,Ted,Ginn,NO,@JAX,0,0,0,60,0,739,10,0,0,0,139.9
2015,WR,Randall,Cobb,GB,@CHI,0,0,0,50,0,829,6,1,0,0,129.9
2015,WR,Kamar,Aiken,IND,@DEN,0,0,0,0,0,944,5,0,0,1,122.4
2015,WR,John,Brown,ARI,NO,0,0,0,9,0,815,7,0,0,1,122.4
2015,WR,Travis,Benjamin,LAC,@NYJ,0,0,0,12,0,919,5,0,0,1,121.1
2015,WR,Mike,Evans,TB,TEN,0,0,0,0,0,1049,3,0,0,1,120.9
2015,WR,Martavis,Bryant,PIT,@NE,0,0,0,37,1,765,6,0,0,1,120.2
2015,WR,Willie,Snead,NO,@ARI,0,0,0,0,0,984,3,0,0,1,114.4
2015,WR,Pierre,Garcon,SF,MIA,0,0,0,0,0,777,6,0,0,0,113.7
2015,WR,Julian,Edelman,NE,PIT,0,0,0,23,0,692,7,0,0,1,111.5
2015,WR,Donte,Moncrief,IND,@BUF,0,0,0,0,0,733,6,0,0,0,109.3
2015,WR,Markus,Wheaton,CHI,@NE,0,0,0,0,0,749,5,0,1,0,106.9
2015,WR,Michael,Floyd,MIN,NO,0,0,0,0,0,686,6,0,0,0,104.6
2015,WR,Marvin,Jones,DET,@OAK,0,0,0,3,0,791,4,0,0,0,103.4
2015,WR,Alshon,Jeffery,PHI,GB,0,0,0,0,0,784,4,0,0,0,102.4
2015,WR,Terrance,Williams,DAL,NYG,0,0,0,0,0,840,3,0,0,0,102
2015,WR,Anquan,Boldin,BUFNWT,MIN,0,0,0,0,0,789,4,0,0,1,100.9
2015,WR,Golden,Tate,DET,@LAC,0,0,0,26,0,753,4,0,0,1,99.9
2015,WR,Stefon,Diggs,MIN,@SF,0,0,0,13,0,720,4,0,0,0,97.3
2015,WR,Tyler,Lockett,SEA,@LA,0,0,0,20,0,597,6,0,0,1,95.7
2015,WR,Keenan,Allen,LAC,DET,0,0,0,0,0,725,4,0,0,1,94.5
2015,WR,Rishard,Matthews,TEN,@WAS,0,0,0,4,0,662,4,0,0,0,90.6
2015,WR,Torrey,Smith,PHI,MIN,0,0,0,0,0,644,4,0,1,0,90.4
2015,WR,Danny,Amendola,NE,PIT,36,0,0,11,0,648,3,0,0,1,83.34
2015,WR,Jermaine,Kearse,SEA,@LA,0,0,0,0,0,571,4,0,0,0,81.1
2015,WR,Dorial,Green-Beckham,Free,@TB,0,0,0,0,0,549,4,0,1,0,80.9
2015,WR,Seth,Roberts,OAK,CIN,0,0,0,0,0,480,5,0,1,0,80
2015,WR,Cole,Beasley,DAL,NYG,0,0,0,0,0,536,5,0,0,2,79.6
2015,WR,Devin,Funchess,CAR,@JAX,0,0,0,0,0,473,5,0,0,1,75.3
2015,WR,DeSean,Jackson,TB,MIA,0,0,0,0,0,528,4,0,0,1,74.8
2015,WR,Jamison,Crowder,WAS,MIA,0,0,0,2,0,604,2,0,2,1,74.6
2015,WR,Vincent,Jackson,Free,TEN,0,0,0,0,0,543,3,0,1,0,74.3
2015,WR,Corey,Brown,BUF,@JAX,0,0,0,38,0,447,4,0,0,0,72.5
2015,WR,Robert,Woods,LA,IND,0,0,0,0,0,552,3,0,0,1,71.2
2015,WR,Cecil,Shorts,Free,KC,21,1,0,47,0,484,2,0,0,1,67.94
2015,WR,Steve,Johnson,Free,DET,0,0,0,0,0,497,3,0,0,0,67.7
2015,WR,DeVante,Parker,MIA,@WAS,0,0,0,0,0,494,3,0,0,0,67.4
2015,WR,Dwayne,Harris,NYG,@DAL,0,0,0,12,0,396,4,0,0,0,64.8
2015,WR,Dontrelle,Inman,LAC,DET,0,0,0,0,0,486,3,0,0,1,64.6
2015,WR,Kenny,Stills,MIA,@WAS,0,0,0,0,0,440,3,0,0,0,62
2015,WR,Dexter,McCluster,Free,@TB,0,0,0,247,1,260,1,0,1,2,60.7
2015,WR,Kendall,Wright,CHI,@TB,0,0,0,17,0,408,3,0,0,0,60.5
2015,WR,Mike,Wallace,BAL,@SF,0,0,0,6,0,473,2,0,0,0,59.9
2015,WR,Albert,Wilson,KC,@HOU,0,0,0,26,0,451,2,0,0,0,59.7
2015,WR,Dez,Bryant,DAL,NYG,0,0,0,0,0,401,3,0,0,0,58.1
2015,WR,Mohamed,Sanu,ATL,@OAK,0,0,0,71,2,386,0,0,0,0,57.7
2015,WR,Chris,Hogan,NE,IND,4,0,0,4,0,450,2,0,0,0,57.56
2015,WR,Brandon,Coleman,NO,@ARI,0,0,0,0,0,454,2,0,0,0,57.4
2015,WR,Davante,Adams,GB,@CHI,0,0,0,0,0,483,1,0,1,0,56.3
2015,WR,Brandon,LaFell,CIN,PIT,0,0,0,9,0,515,0,0,0,0,52.4
2015,WR,Marquess,Wilson,Free,GB,0,0,0,0,0,463,1,0,0,0,52.3
2015,WR,Harry,Douglas,TEN,@TB,0,0,0,-6,0,411,2,0,0,1,50.5
2015,WR,Josh,Huff,TB,@ATL,0,0,0,0,0,312,3,0,0,0,49.2
2015,WR,Jarius,Wright,MIN,@SF,0,0,0,29,0,442,0,0,0,1,45.1
2015,WR,Andre,Holmes,BUF,CIN,0,0,0,0,0,201,4,0,0,0,44.1
2015,WR,Darrius,Heyward-Bey,PIT,@NE,0,0,0,0,0,314,2,0,0,0,43.4
2015,WR,Bryan,Walters,Free,CAR,0,0,0,0,0,368,1,0,0,0,42.8
2015,WR,Quinton,Patton,Free,MIN,0,0,0,5,0,361,1,0,0,0,42.6
2015,WR,Kenny,Britt,CLE,SEA,0,0,0,0,0,338,1,0,0,0,39.8
2015,WR,Ryan,Grant,WAS,MIA,0,0,0,0,0,268,2,0,0,0,38.8
2015,WR,Jeremy,Butler,BUF,@DEN,0,0,0,0,0,363,0,0,0,0,36.3
2015,WR,Josh,Bellamy,CHI,GB,0,0,0,0,0,224,2,0,0,0,34.4
2015,WR,Jaelen,Strong,HOU,KC,0,0,0,0,0,161,3,0,0,0,34.1
2015,WR,Justin,Hunter,PIT,@TB,0,0,0,0,0,264,1,0,0,0,32.4
2015,WR,Nelson,Agholor,PHI,@ATL,0,0,0,0,0,283,1,0,0,1,32.3
2015,WR,Tavon,Austin,LA,SEA,0,0,0,176,0,100,1,0,0,1,31.6
2015,WR,Quincy,Enunwa,NYJ,CLE,0,0,0,0,0,315,0,0,0,0,31.5
2015,WR,J.J.,Nelson,ARI,NO,0,0,0,0,0,265,1,0,0,1,30.5
2015,WR,Marc,Mariani,Free,GB,0,0,0,0,0,300,0,0,0,0,30
2015,WR,Eddie,Royal,Free,GB,0,0,0,-1,0,238,1,0,0,0,29.7
2015,WR,Marqise,Lee,JAX,CAR,0,0,0,38,0,191,1,0,0,0,28.9
2015,WR,Phillip,Dorsett,IND,@BUF,0,0,0,17,0,225,1,0,0,1,28.2
2015,WR,Nick,Williams,ATL,PHI,0,0,0,0,0,159,2,0,0,0,27.9
2015,WR,De'Anthony,Thomas,KC,@HOU,0,0,0,34,1,140,1,0,0,1,27.4
2015,WR,Jeremy,Kerley,SF,CLE,0,0,0,0,0,152,2,0,0,0,27.2
2015,WR,Adam,Humphries,TB,TEN,0,0,0,0,0,200,1,0,0,0,26
2015,WR,Chris,Conley,KC,@HOU,0,0,0,0,0,199,1,0,0,0,25.9
2015,WR,Brice,Butler,DAL,NYG,0,0,0,0,0,258,0,0,0,0,25.8
2015,WR,Andrew,Hawkins,Free,@NYJ,0,0,0,0,0,255,0,0,1,1,25.5
2015,WR,Taylor,Gabriel,ATL,@NYJ,0,0,0,0,0,226,0,0,1,0,24.6
2015,WR,Rashad,Ross,Free,MIA,0,0,0,0,0,184,1,0,0,0,24.4
2015,WR,Adam,Thielen,MIN,@SF,0,0,0,89,0,144,0,0,0,0,23.3
2015,WR,Griff,Whalen,BAL,Bye,0,0,0,0,0,205,1,0,0,2,22.5
2015,WR,Rashad,Greene,JAX,CAR,0,0,0,0,0,93,2,0,0,0,21.3
2015,WR,Jordan,Norwood,Free,BAL,0,0,0,0,0,207,0,0,0,0,20.7
2015,WR,Bennie,Fowler,DEN,BAL,0,0,0,0,0,203,0,0,0,0,20.3
2015,WR,Chris,Matthews,BAL,@DEN,0,0,0,0,0,143,1,0,0,0,20.3
2015,WR,Andre,Caldwell,Free,BAL,0,0,0,3,0,72,2,0,0,0,19.5
2015,WR,Justin,Hardy,ATL,PHI,0,0,0,0,0,194,0,0,0,0,19.4
2015,WR,Javontee,Herndon,Free,DET,0,0,0,13,0,195,0,0,0,1,18.8
2015,WR,Jaron,Brown,ARI,NO,0,0,0,0,0,124,1,0,0,0,18.4
2015,WR,Devin,Smith,NYJIR,CLE,0,0,0,0,0,115,1,0,0,1,15.5
2015,WR,Devin,Street,Free,NYG,0,0,0,0,0,114,1,0,0,1,15.4
2015,WR,Tyrell,Williams,LAC,DET,0,0,0,0,0,90,1,0,0,0,15
2015,WR,Donteea,Dye,TB,TEN,0,0,0,0,0,88,1,0,0,0,14.8
2015,WR,Myles,White,NYJ,@DAL,0,0,0,0,0,88,1,0,0,0,14.8
2015,WR,T.J.,Jones,DET,@LAC,0,0,0,-3,0,99,1,0,0,1,13.6
2015,WR,Andre,Roberts,ATL,MIA,0,0,0,0,0,135,0,0,0,0,13.5
2015,WR,Bruce,Ellington,HOU,MIN,0,0,0,7,0,145,0,0,0,1,13.2
2015,WR,Keith,Mumphery,Free,KC,0,0,0,0,0,129,0,0,0,0,12.9
2015,WR,Charles,Johnson,CARIR,@SF,0,0,0,0,0,127,0,0,0,0,12.7
2015,WR,Cody,Latimer,DEN,BAL,0,0,0,1,0,59,1,0,0,0,12
2015,WR,Cameron,Meredith,CHI,GB,0,0,0,0,0,120,0,0,0,0,12
2015,WR,Brandon,Tate,BUF,@OAK,0,0,0,0,0,59,1,0,0,0,11.9
2015,WR,Marcus,Easley,Free,IND,0,0,0,0,0,58,1,0,0,0,11.8
2015,WR,Darius,Jennings,TEN,@NYJ,0,0,0,0,0,117,0,0,0,0,11.7
2015,WR,Marlon,Brown,DEN,@DEN,0,0,0,0,0,112,0,0,0,0,11.2
2015,WR,Michael,Campanaro,BAL,@DEN,0,0,0,17,1,35,0,0,0,0,11.2
2015,WR,Jared,Abbrederis,DET,@CHI,0,0,0,0,0,111,0,0,0,0,11.1
2015,WR,Lucky,Whitehead,NYJ,NYG,0,0,0,107,0,16,0,0,0,1,10.3
2015,WR,Brenton,Bersin,CAR,@JAX,0,0,0,0,0,119,0,0,0,1,9.9
2015,WR,Russell,Shepard,CAR,TEN,0,0,0,0,0,28,1,0,0,0,8.8
2015,WR,Stedman,Bailey,Free,SEA,0,0,0,0,0,86,0,0,0,0,8.6
2015,WR,Deonte,Thompson,CHI,GB,0,0,0,0,0,81,0,0,0,0,8.1
2015,WR,Jeff,Janis,GB,@CHI,0,0,0,0,0,79,0,0,0,0,7.9
2015,WR,Tre,McBride,TEN,@TB,0,0,0,8,0,8,1,0,0,0,7.6
2015,WR,Corey,Fuller,NO,@LAC,0,0,0,0,0,76,0,0,0,1,5.6
2015,WR,Terrelle,Pryor,WAS,@NYJ,0,0,0,-1,0,42,0,0,0,0,4.1
2015,WR,Paul,Richardson,SEA,@LA,0,0,0,0,0,40,0,0,0,0,4
2015,WR,Brian,Quick,WAS,SEA,0,0,0,0,0,32,0,0,0,0,3.2
2015,WR,Jeremy,Ross,ARI,CIN,0,0,0,2,0,88,0,0,0,3,3
2015,WR,Marquise,Goodwin,SF,IND,0,0,0,0,0,24,0,0,0,0,2.4
2015,WR,Geremy,Davis,LAC,@DAL,0,0,0,0,0,21,0,0,0,0,2.1
2015,WR,Mario,Alford,CLE,@OAK,0,0,0,0,0,15,0,0,0,0,1.5
2015,WR,Eric,Weems,TEN,PHI,0,0,0,4,0,11,0,0,0,0,1.5
2015,WR,Sammie,Coates,PIT,@NE,0,0,0,0,0,11,0,0,0,0,1.1
2015,WR,Jonathan,Krause,TEN,@ATL,0,0,0,0,0,11,0,0,0,0,1.1
2015,WR,Rod,Streater,BUF,CIN,0,0,0,0,0,8,0,0,0,0,0.8
2015,WR,Brittan,Golden,ARI,NO,0,0,0,0,0,5,0,0,0,0,0.5
2015,WR,Cordarrelle,Patterson,OAK,@SF,0,0,0,15,0,10,0,0,0,1,0.5
2015,WR,Bradley,Marquez,LAIR,SEA,0,0,0,0,0,3,0,0,0,0,0.3
2015,WR,Rodney,Adams,MIN,Bye,0,0,0,0,0,0,0,0,0,0,0
2015,WR,Quincy,Adeboyejo,BAL,Bye,0,0,0,0,0,0,0,0,0,0,0
2015,WR,Geronimo,Allison,GB,Bye,0,0,0,0,0,0,0,0,0,0,0
2015,WR,Robby,Anderson,NYJ,Bye,0,0,0,0,0,0,0,0,0,0,0
2015,WR,Donnie,Avery,Free,Bye,0,0,0,0,0,0,0,0,0,0,0
2015,WR,DeMarcus,Ayers,PIT,Bye,0,0,0,0,0,0,0,0,0,0,0
2015,WR,Kenny,Bell,Free,TEN,0,0,0,0,0,0,0,0,0,0,0
2015,WR,Kelvin,Benjamin,CAR,@JAX,0,0,0,0,0,0,0,0,0,0,0
2015,WR,Arrelious,Benn,JAX,Bye,0,0,0,0,0,0,0,0,0,0,0
2015,WR,Jace,Billingsley,DET,Bye,0,0,0,0,0,0,0,0,0,0,0
2015,WR,Harvey,Binford,Free,Bye,0,0,0,0,0,0,0,0,0,0,0
2015,WR,Justin,Blackmon,JAXSUS,CAR,0,0,0,0,0,0,0,0,0,0,0
2015,WR,Moritz,Boehringer,MIN,Bye,0,0,0,0,0,0,0,0,0,0,0
2015,WR,Josh,Boyce,CLE,PIT,0,0,0,0,0,0,0,0,0,0,0
2015,WR,Tyler,Boyd,CIN,Bye,0,0,0,0,0,0,0,0,0,0,0
2015,WR,Daniel,Braverman,CHI,Bye,0,0,0,0,0,0,0,0,0,0,0
2015,WR,Quan,Bray,IND,@BUF,0,0,0,0,0,0,0,0,0,0,0
2015,WR,Da'Ron,Brown,LAC,@HOU,0,0,0,0,0,0,0,0,0,0,0
2015,WR,Noah,Brown,DAL,Bye,0,0,0,0,0,0,0,0,0,0,0
2015,WR,Marquis,Bundy,NYG,Bye,0,0,0,0,0,0,0,0,0,0,0
2015,WR,Aaron,Burbridge,SF,Bye,0,0,0,0,0,0,0,0,0,0,0
2015,WR,Isaiah,Burse,LAC,DET,0,0,0,0,0,0,0,0,0,0,0
2015,WR,Damiere,Byrd,CAR,Bye,0,0,0,0,0,0,0,0,0,0,0
2015,WR,Austin,Carr,NE,Bye,0,0,0,0,0,0,0,0,0,0,0
2015,WR,Leonte,Carroo,MIA,Bye,0,0,0,0,0,0,0,0,0,0,0
2015,WR,Jehu,Chesson,KC,Bye,0,0,0,0,0,0,0,0,0,0,0
2015,WR,Corey,Coleman,CLE,Bye,0,0,0,0,0,0,0,0,0,0,0
2015,WR,Stacy,Coley,MIN,Bye,0,0,0,0,0,0,0,0,0,0,0
2015,WR,Pharoh,Cooper,LA,Bye,0,0,0,0,0,0,0,0,0,0,0
2015,WR,Cody,Core,CIN,Bye,0,0,0,0,0,0,0,0,0,0,0
2015,WR,Victor,Cruz,CHI,@DAL,0,0,0,0,0,0,0,0,0,0,0
2015,WR,Amara,Darboh,SEA,Bye,0,0,0,0,0,0,0,0,0,0,0
2015,WR,Corey,Davis,TEN,Bye,0,0,0,0,0,0,0,0,0,0,0
2015,WR,Robert,Davis,WAS,Bye,0,0,0,0,0,0,0,0,0,0,0
2015,WR,Trevor,Davis,GB,Bye,0,0,0,0,0,0,0,0,0,0,0
2015,WR,Josh,Doctson,WAS,Bye,0,0,0,0,0,0,0,0,0,0,0
2015,WR,Malachi,Dupre,GB,Bye,0,0,0,0,0,0,0,0,0,0,0
2015,WR,Travin,Dural,NO,Bye,0,0,0,0,0,0,0,0,0,0,0
2015,WR,Alex,Erickson,CIN,Bye,0,0,0,0,0,0,0,0,0,0,0
2015,WR,Amba,Etta-Tawo,JAX,Bye,0,0,0,0,0,0,0,0,0,0,0
2015,WR,Isaiah,Ford,MIAIR,Bye,0,0,0,0,0,0,0,0,0,0,0
2015,WR,Devin,Fuller,ATLIR,Bye,0,0,0,0,0,0,0,0,0,0,0
2015,WR,Will,Fuller,HOU,Bye,0,0,0,0,0,0,0,0,0,0,0
2015,WR,Keyarris,Garrett,CAR,Bye,0,0,0,0,0,0,0,0,0,0,0
2015,WR,Tanner,Gentry,CHI,Bye,0,0,0,0,0,0,0,0,0,0,0
2015,WR,Shelton,Gibson,PHI,Bye,0,0,0,0,0,0,0,0,0,0,0
2015,WR,Chris,Godwin,TB,Bye,0,0,0,0,0,0,0,0,0,0,0
2015,WR,Kenny,Golladay,DET,Bye,0,0,0,0,0,0,0,0,0,0,0
2015,WR,Josh,Gordon,CLESUS,@NYJ,0,0,0,0,0,0,0,0,0,0,0
2015,WR,Jakeem,Grant,MIA,Bye,0,0,0,0,0,0,0,0,0,0,0
2015,WR,Cyril,Grayson,SEA,Bye,0,0,0,0,0,0,0,0,0,0,0
2015,WR,Marvin,Hall,ATL,Bye,0,0,0,0,0,0,0,0,0,0,0
2015,WR,Rannell,Hall,CLE,Bye,0,0,0,0,0,0,0,0,0,0,0
2015,WR,Cobi,Hamilton,PIT,Bye,0,0,0,0,0,0,0,0,0,0,0
2015,WR,Chad,Hansen,NYJ,Bye,0,0,0,0,0,0,0,0,0,0,0
2015,WR,Maurice,Harris,WAS,Bye,0,0,0,0,0,0,0,0,0,0,0
2015,WR,Keon,Hatcher,OAK,Bye,0,0,0,0,0,0,0,0,0,0,0
2015,WR,Matt,Hazel,WAS,@WAS,0,0,0,0,0,0,0,0,0,0,0
2015,WR,Carlos,Henderson,DEN,Bye,0,0,0,0,0,0,0,0,0,0,0
2015,WR,Rashard,Higgins,CLE,Bye,0,0,0,0,0,0,0,0,0,0,0
2015,WR,Tyreek,Hill,KC,Bye,0,0,0,0,0,0,0,0,0,0,0
2015,WR,Krishawn,Hogan,ARI,Bye,0,0,0,0,0,0,0,0,0,0,0
2015,WR,Mack,Hollins,PHI,Bye,0,0,0,0,0,0,0,0,0,0,0
2015,WR,Johnny,Holton,OAK,Bye,0,0,0,0,0,0,0,0,0,0,0
2015,WR,Chris,Hubert,ARI,Bye,0,0,0,0,0,0,0,0,0,0,0
2015,WR,Andy,Jones,DAL,Bye,0,0,0,0,0,0,0,0,0,0,0
2015,WR,Seantavius,Jones,KC,@ARI,0,0,0,0,0,0,0,0,0,0,0
2015,WR,Zay,Jones,BUF,Bye,0,0,0,0,0,0,0,0,0,0,0
2015,WR,Tavarres,King,NYG,@DAL,0,0,0,0,0,0,0,0,0,0,0
2015,WR,Cooper,Kupp,LA,Bye,0,0,0,0,0,0,0,0,0,0,0
2015,WR,Jake,Lampman,NO,Bye,0,0,0,0,0,0,0,0,0,0,0
2015,WR,Kenny,Lawler,SEA,Bye,0,0,0,0,0,0,0,0,0,0,0
2015,WR,Dezmin,Lewis,BUF,IND,0,0,0,0,0,0,0,0,0,0,0
2015,WR,Roger,Lewis,NYG,Bye,0,0,0,0,0,0,0,0,0,0,0
2015,WR,Tommylee,Lewis,NO,Bye,0,0,0,0,0,0,0,0,0,0,0
2015,WR,Kolby,Listenbee,Free,Bye,0,0,0,0,0,0,0,0,0,0,0
2015,WR,Ricardo,Louis,CLE,Bye,0,0,0,0,0,0,0,0,0,0,0
2015,WR,Devin,Lucien,NE,Bye,0,0,0,0,0,0,0,0,0,0,0
2015,WR,Josh,Malone,CIN,Bye,0,0,0,0,0,0,0,0,0,0,0
2015,WR,Byron,Marshall,PHI,Bye,0,0,0,0,0,0,0,0,0,0,0
2015,WR,Jalin,Marshall,NYJ,Bye,0,0,0,0,0,0,0,0,0,0,0
2015,WR,Freddie,Martino,TB,Bye,0,0,0,0,0,0,0,0,0,0,0
2015,WR,Vince,Mayle,BAL,NYG,0,0,0,0,0,0,0,0,0,0,0
2015,WR,Tanner,McEvoy,SEA,Bye,0,0,0,0,0,0,0,0,0,0,0
2015,WR,Mekale,McKay,TEN,Bye,0,0,0,0,0,0,0,0,0,0,0
2015,WR,Isaiah,McKenzie,DEN,Bye,0,0,0,0,0,0,0,0,0,0,0
2015,WR,Braxton,Miller,HOU,Bye,0,0,0,0,0,0,0,0,0,0,0
2015,WR,Malcolm,Mitchell,NE,Bye,0,0,0,0,0,0,0,0,0,0,0
2015,WR,Chris,Moore,BAL,Bye,0,0,0,0,0,0,0,0,0,0,0
2015,WR,David,Moore,SEA,Bye,0,0,0,0,0,0,0,0,0,0,0
2015,WR,Jordy,Nelson,GB,@CHI,0,0,0,0,0,0,0,0,0,0,0
2015,WR,Marquez,North,Free,Bye,0,0,0,0,0,0,0,0,0,0,0
2015,WR,Kevin,Norwood,NYGIR,@JAX,0,0,0,0,0,0,0,0,0,0,0
2015,WR,Jordan,Payton,CLE,Bye,0,0,0,0,0,0,0,0,0,0,0
2015,WR,Charone,Peake,NYJ,Bye,0,0,0,0,0,0,0,0,0,0,0
2015,WR,Breshad,Perriman,BAL,@DEN,0,0,0,0,0,0,0,0,0,0,0
2015,WR,Walt,Powell,BUF,IND,0,0,0,0,0,0,0,0,0,0,0
2015,WR,Brandon,Reilly,BUF,Bye,0,0,0,0,0,0,0,0,0,0,0
2015,WR,Josh,Reynolds,LA,Bye,0,0,0,0,0,0,0,0,0,0,0
2015,WR,Keenan,Reynolds,BAL,Bye,0,0,0,0,0,0,0,0,0,0,0
2015,WR,Aldrick,Robinson,SF,Bye,0,0,0,0,0,0,0,0,0,0,0
2015,WR,Demarcus,Robinson,KC,Bye,0,0,0,0,0,0,0,0,0,0,0
2015,WR,Chester,Rogers,IND,Bye,0,0,0,0,0,0,0,0,0,0,0
2015,WR,Eli,Rogers,PIT,Bye,0,0,0,0,0,0,0,0,0,0,0
2015,WR,Eric,Rogers,Free,Bye,0,0,0,0,0,0,0,0,0,0,0
2015,WR,Fred,Ross,CAR,Bye,0,0,0,0,0,0,0,0,0,0,0
2015,WR,John,Ross,CIN,Bye,0,0,0,0,0,0,0,0,0,0,0
2015,WR,Curtis,Samuel,CAR,Bye,0,0,0,0,0,0,0,0,0,0,0
2015,WR,Garrett,Scantling,Free,Bye,0,0,0,0,0,0,0,0,0,0,0
2015,WR,Tajae,Sharpe,TEN,Bye,0,0,0,0,0,0,0,0,0,0,0
2015,WR,Sterling,Shepard,NYG,Bye,0,0,0,0,0,0,0,0,0,0,0
2015,WR,Matthew,Slater,NE,PIT,0,0,0,0,0,0,0,0,0,0,0
2015,WR,DeAndre,Smelter,SF,MIN,0,0,0,0,0,0,0,0,0,0,0
2015,WR,Tevaun,Smith,Free,Bye,0,0,0,0,0,0,0,0,0,0,0
2015,WR,JuJu,Smith-Schuster,PIT,Bye,0,0,0,0,0,0,0,0,0,0,0
2015,WR,Nelson,Spruce,LA,Bye,0,0,0,0,0,0,0,0,0,0,0
2015,WR,ArDarius,Stewart,NYJ,Bye,0,0,0,0,0,0,0,0,0,0,0
2015,WR,Damore'ea,Stringfellow,MIA,Bye,0,0,0,0,0,0,0,0,0,0,0
2015,WR,Ryan,Switzer,DAL,Bye,0,0,0,0,0,0,0,0,0,0,0
2015,WR,Jordan,Taylor,DEN,BAL,0,0,0,0,0,0,0,0,0,0,0
2015,WR,Taywan,Taylor,TEN,Bye,0,0,0,0,0,0,0,0,0,0,0
2015,WR,Trent,Taylor,SF,Bye,0,0,0,0,0,0,0,0,0,0,0
2015,WR,Michael,Thomas,NO,Bye,0,0,0,0,0,0,0,0,0,0,0
2015,WR,Mike,Thomas,LA,Bye,0,0,0,0,0,0,0,0,0,0,0
2015,WR,Kendal,Thompson,Free,Bye,0,0,0,0,0,0,0,0,0,0,0
2015,WR,Laquon,Treadwell,MIN,Bye,0,0,0,0,0,0,0,0,0,0,0
2015,WR,Bryce,Treggs,PHI,Bye,0,0,0,0,0,0,0,0,0,0,0
2015,WR,Paul,Turner,PHI,Bye,0,0,0,0,0,0,0,0,0,0,0
2015,WR,David,Watford,Free,Bye,0,0,0,0,0,0,0,0,0,0,0
2015,WR,Dede,Westbrook,JAX,Bye,0,0,0,0,0,0,0,0,0,0,0
2015,WR,Jordan,Westerkamp,Free,Bye,0,0,0,0,0,0,0,0,0,0,0
2015,WR,Kevin,White,CHI,GB,0,0,0,0,0,0,0,0,0,0,0
2015,WR,Chad,Williams,ARI,Bye,0,0,0,0,0,0,0,0,0,0,0
2015,WR,Mike,Williams,LAC,Bye,0,0,0,0,0,0,0,0,0,0,0
2015,WR,Wendall,Williams,HOU,Bye,0,0,0,0,0,0,0,0,0,0,0
2015,WR,James,Wright,Free,@OAK,0,0,0,0,0,0,0,0,0,0,0
2015,WR,DeAngelo,Yancey,GB,Bye,0,0,0,0,0,0,0,0,0,0,0
2015,WR,Ishmael,Zamora,OAK,Bye,0,0,0,0,0,0,0,0,0,0,0
2015,WR,Chris,Harper,NYJ,PIT,0,0,0,0,0,6,0,0,0,1,-1.4
2015,WR,Frankie,Hammond,NYJ,@HOU,0,0,0,0,0,0,0,0,0,1,-2
2015,WR,Keelan,Cole,JAX,Bye,0,0,0,0,0,0,0,0,0,0,0
2015,WR,Marcus,Johnson,PHI,Bye,0,0,0,0,0,0,0,0,0,0,0
2015,WR,Lance,Lenoir,DAL,Bye,0,0,0,0,0,0,0,0,0,0,0
2015,WR,Travis,Rudolph,NYG,Bye,0,0,0,0,0,0,0,0,0,0,0
2015,WR,Artavis,Scott,LAC,Bye,0,0,0,0,0,0,0,0,0,0,0
2015,WR,Kasen,Williams,SEA,Bye,0,0,0,0,0,0,0,0,0,0,0
2015,TE,Rob,Gronkowski,NE,PIT,0,0,0,0,0,1176,11,0,0,0,183.6
2015,TE,Jordan,Reed,WAS,MIA,0,0,0,0,0,952,11,0,0,2,157.2
2015,TE,Greg,Olsen,CAR,@JAX,0,0,0,0,0,1104,7,0,0,1,150.4
2015,TE,Delanie,Walker,TEN,@TB,0,0,0,36,0,1088,6,0,1,0,150.4
2015,TE,Gary,Barnidge,Free,@NYJ,0,0,0,0,0,942,9,0,0,0,148.2
2015,TE,Tyler,Eifert,CIN,@OAK,0,0,0,0,0,575,12,0,0,0,129.5
2015,TE,Travis,Kelce,KC,@HOU,0,0,0,0,0,875,5,0,2,2,117.5
2015,TE,Benjamin,Watson,BAL,@ARI,0,0,0,0,0,825,6,0,0,1,116.5
2015,TE,Richard,Rodgers,GB,@CHI,0,0,0,11,0,510,8,0,1,0,102.1
2015,TE,Zach,Ertz,PHI,@ATL,0,0,0,0,0,853,2,0,0,1,95.3
2015,TE,Antonio,Gates,LAC,DET,0,0,0,0,0,630,5,0,0,0,93
2015,TE,Jason,Witten,DAL,NYG,0,0,0,0,0,713,3,0,0,1,87.3
2015,TE,Eric,Ebron,DET,@LAC,0,0,0,0,0,510,5,0,0,0,81
2015,TE,Kyle,Rudolph,MIN,@SF,0,0,0,0,0,495,5,0,0,0,79.5
2015,TE,Julius,Thomas,MIA,CAR,0,0,0,0,0,455,5,0,0,0,75.5
2015,TE,Jacob,Tamme,Free,PHI,0,0,0,0,0,657,1,0,0,0,71.7
2015,TE,Ladarius,Green,Free,DET,0,0,0,0,0,429,4,0,2,0,70.9
2015,TE,Charles,Clay,BUF,IND,0,0,0,0,0,528,3,0,0,0,70.8
2015,TE,Coby,Fleener,NO,@BUF,0,0,0,0,0,491,3,0,1,0,69.1
2015,TE,Crockett,Gillmore,BALIR,@DEN,0,0,0,0,0,412,4,0,0,0,65.2
2015,TE,Will,Tye,NYG,@DAL,0,0,0,0,0,464,3,0,0,1,62.4
2015,TE,Jimmy,Graham,SEA,@LA,0,0,0,0,0,554,1,0,0,0,61.4
2015,TE,Martellus,Bennett,GB,GB,0,0,0,0,0,421,3,0,0,0,60.1
2015,TE,Brent,Celek,PHI,@ATL,0,0,0,0,0,398,3,0,0,0,57.8
2015,TE,Zach,Miller,CHI,GB,0,0,0,0,0,332,3,0,0,0,51.2
2015,TE,Clive,Walford,OAK,CIN,0,0,0,0,0,329,3,0,0,0,50.9
2015,TE,Vance,McDonald,PIT,MIN,0,0,0,0,0,313,3,0,0,0,49.3
2015,TE,Austin,Seferian-Jenkins,NYJ,TEN,0,0,0,0,0,309,3,0,0,0,48.9
2015,TE,Darren,Fells,DET,NO,0,0,0,0,0,272,3,0,0,0,45.2
2015,TE,Cameron,Brate,TB,TEN,0,0,0,0,0,268,3,0,0,0,44.8
2015,TE,Anthony,Fasano,MIA,@TB,0,0,0,0,0,289,2,0,0,0,40.9
2015,TE,Vernon,Davis,WAS,BAL,0,0,0,0,0,371,0,0,0,0,37.1
2015,TE,Ryan,Griffin,HOU,KC,0,0,0,0,0,251,2,0,0,0,37.1
2015,TE,Garrett,Celek,SF,MIN,0,0,0,0,0,186,3,0,0,0,36.6
2015,TE,Larry,Donnell,BAL,@DAL,0,0,0,0,0,223,2,0,0,0,34.3
2015,TE,Mychal,Rivera,JAX,CIN,0,0,0,0,0,280,1,0,0,0,34
2015,TE,Maxx,Williams,BAL,@DEN,0,0,0,0,0,268,1,0,0,0,32.8
2015,TE,Ed,Dickson,CAR,@JAX,0,0,0,0,0,121,2,1,0,0,30.1
2015,TE,Luke,Willson,SEA,@LA,0,0,0,0,0,213,1,0,0,0,27.3
2015,TE,Jermaine,Gresham,ARI,NO,0,0,0,0,0,202,1,0,0,0,26.2
2015,TE,Josh,Hill,NO,@ARI,0,0,0,0,0,120,2,0,0,0,24
2015,TE,Michael,Hoomanawanui,NO,@ARI,0,0,0,0,0,76,3,0,0,1,23.6
2015,TE,Virgil,Green,DEN,BAL,0,0,0,0,0,173,1,0,0,0,23.3
2015,TE,Clay,Harbor,NOIR,CAR,0,0,0,0,0,149,1,0,1,0,22.9
2015,TE,Marcedes,Lewis,JAX,CAR,0,0,0,0,0,226,0,0,0,0,22.6
2015,TE,Lance,Kendricks,GB,SEA,0,0,0,0,0,148,1,0,0,0,20.8
2015,TE,C.J.,Fiedorowicz,HOU,KC,0,0,0,0,0,167,1,0,0,1,20.7
2015,TE,Derek,Carrier,WAS,MIA,0,0,0,0,0,141,1,0,0,0,20.1
2015,TE,Timothy,Wright,Free,@LAC,0,0,0,0,0,77,2,0,0,0,19.7
2015,TE,Blake,Bell,SF,MIN,0,0,0,0,0,186,0,0,0,0,18.6
2015,TE,Tyler,Kroft,CIN,@OAK,0,0,0,0,0,125,1,0,0,0,18.5
2015,TE,Rhett,Ellison,NYG,@SF,0,0,0,0,0,124,1,0,0,0,18.4
2015,TE,Nick,Boyle,BAL,@DEN,0,0,0,0,0,153,0,0,1,0,17.3
2015,TE,Dwayne,Allen,NE,@BUF,0,0,0,1,0,109,1,0,0,0,17
2015,TE,Dion,Sims,CHI,@WAS,0,0,0,0,0,127,1,0,0,1,16.7
2015,TE,Jake,Stoneburner,Free,@WAS,0,0,0,0,0,47,2,0,0,0,16.7
2015,TE,Justin,Perillo,Free,@CHI,0,0,0,0,0,102,1,0,0,0,16.2
2015,TE,Troy,Niklas,ARI,NO,0,0,0,0,0,33,2,0,0,0,15.3
2015,TE,Chris,Gragg,NYJ,IND,0,0,0,0,0,150,0,0,0,0,15
2015,TE,Jesse,James,PIT,@NE,0,0,0,0,0,56,1,0,1,0,13.6
2015,TE,Demetrius,Harris,KC,@HOU,0,0,0,0,0,74,1,0,0,0,13.4
2015,TE,Jack,Doyle,IND,@BUF,0,0,0,0,0,72,1,0,0,0,13.2
2015,TE,Lee,Smith,OAK,CIN,0,0,0,0,0,70,1,0,0,0,13
2015,TE,John,Phillips,NO,DET,0,0,0,0,0,69,1,0,0,0,12.9
2015,TE,Brandon,Myers,Free,TEN,0,0,0,0,0,127,0,0,0,0,12.7
2015,TE,Gavin,Escobar,KC,NYG,0,0,0,0,0,64,1,0,0,1,10.4
2015,TE,Jared,Cook,OAK,SEA,0,0,0,0,0,103,0,0,0,0,10.3
2015,TE,MyCole,Pruitt,CHI,@SF,0,0,0,0,0,89,0,0,0,0,8.9
2015,TE,Cooper,Helfet,OAK,@LA,0,0,0,0,0,87,0,0,0,0,8.7
2015,TE,James,O'Shaughnessy,NE,@HOU,0,0,0,0,0,87,0,0,0,0,8.7
2015,TE,James,Hanna,DAL,NYG,0,0,0,0,0,79,0,0,0,0,7.9
2015,TE,Kellen,Davis,Free,CLE,0,0,0,0,0,18,1,0,0,0,7.8
2015,TE,Jeff,Cumberland,LAC,CLE,0,0,0,0,0,77,0,0,0,0,7.7
2015,TE,Ryan,Hewitt,CIN,@OAK,0,0,0,0,0,70,0,0,0,0,7
2015,TE,Daniel,Brown,CHI,@DEN,0,0,0,0,0,64,0,0,0,0,6.4
2015,TE,Tyler,Kroft,CIN,@OAK,0,0,0,0,0,125,1,0,0,0,18.5
2015,TE,Rhett,Ellison,NYG,@SF,0,0,0,0,0,124,1,0,0,0,18.4
2015,TE,Nick,Boyle,BAL,@DEN,0,0,0,0,0,153,0,0,1,0,17.3
2015,TE,Dwayne,Allen,NE,@BUF,0,0,0,1,0,109,1,0,0,0,17
2015,TE,Dion,Sims,CHI,@WAS,0,0,0,0,0,127,1,0,0,1,16.7
2015,TE,Jake,Stoneburner,Free,@WAS,0,0,0,0,0,47,2,0,0,0,16.7
2015,TE,Justin,Perillo,Free,@CHI,0,0,0,0,0,102,1,0,0,0,16.2
2015,TE,Troy,Niklas,ARI,NO,0,0,0,0,0,33,2,0,0,0,15.3
2015,TE,Chris,Gragg,NYJ,IND,0,0,0,0,0,150,0,0,0,0,15
2015,TE,Jesse,James,PIT,@NE,0,0,0,0,0,56,1,0,1,0,13.6
2015,TE,Demetrius,Harris,KC,@HOU,0,0,0,0,0,74,1,0,0,0,13.4
2015,TE,Jack,Doyle,IND,@BUF,0,0,0,0,0,72,1,0,0,0,13.2
2015,TE,Lee,Smith,OAK,CIN,0,0,0,0,0,70,1,0,0,0,13
2015,TE,John,Phillips,NO,DET,0,0,0,0,0,69,1,0,0,0,12.9
2015,TE,Brandon,Myers,Free,TEN,0,0,0,0,0,127,0,0,0,0,12.7
2015,TE,Gavin,Escobar,KC,NYG,0,0,0,0,0,64,1,0,0,1,10.4
2015,TE,Jared,Cook,OAK,SEA,0,0,0,0,0,103,0,0,0,0,10.3
2015,TE,MyCole,Pruitt,CHI,@SF,0,0,0,0,0,89,0,0,0,0,8.9
2015,TE,Cooper,Helfet,OAK,@LA,0,0,0,0,0,87,0,0,0,0,8.7
2015,TE,James,O'Shaughnessy,NE,@HOU,0,0,0,0,0,87,0,0,0,0,8.7
2015,TE,James,Hanna,DAL,NYG,0,0,0,0,0,79,0,0,0,0,7.9
2015,TE,Kellen,Davis,Free,CLE,0,0,0,0,0,18,1,0,0,0,7.8
2015,TE,Jeff,Cumberland,LAC,CLE,0,0,0,0,0,77,0,0,0,0,7.7
2015,TE,Ryan,Hewitt,CIN,@OAK,0,0,0,0,0,70,0,0,0,0,7
2015,TE,Daniel,Brown,CHI,@DEN,0,0,0,0,0,64,0,0,0,0,6.4
2015,TE,Ben,Braunecker,CHI,Bye,0,0,0,0,0,0,0,0,0,0,0
2015,TE,Chris,Briggs,Free,Bye,0,0,0,0,0,0,0,0,0,0,0
2015,TE,Jake,Butt,DEN,Bye,0,0,0,0,0,0,0,0,0,0,0
2015,TE,Gerald,Christian,ARI,NO,0,0,0,0,0,0,0,0,0,0,0
2015,TE,A.J.,Derby,DEN,PIT,0,0,0,0,0,0,0,0,0,0,0
2015,TE,Seth,DeValve,CLE,Bye,0,0,0,0,0,0,0,0,0,0,0
2015,TE,Dorin,Dickerson,Free,@TB,0,0,0,0,0,0,0,0,0,0,0
2015,TE,Thomas,Duarte,MIA,Bye,0,0,0,0,0,0,0,0,0,0,0
2015,TE,Evan,Engram,NYG,Bye,0,0,0,0,0,0,0,0,0,0,0
2015,TE,Gerald,Everett,LA,Bye,0,0,0,0,0,0,0,0,0,0,0
2015,TE,Rico,Gathers,DAL,Bye,0,0,0,0,0,0,0,0,0,0,0
2015,TE,Garrett,Griffin,NO,Bye,0,0,0,0,0,0,0,0,0,0,0
2015,TE,Xavier,Grimble,PIT,@NE,0,0,0,0,0,0,0,0,0,0,0
2015,TE,Temarrick,Hemingway,LA,Bye,0,0,0,0,0,0,0,0,0,0,0
2015,TE,Hunter,Henry,LAC,Bye,0,0,0,0,0,0,0,0,0,0,0
2015,TE,Jeff,Heuerman,DEN,BAL,0,0,0,0,0,0,0,0,0,0,0
2015,TE,Tyler,Higbee,LA,Bye,0,0,0,0,0,0,0,0,0,0,0
2015,TE,Bucky,Hodges,MIN,Bye,0,0,0,0,0,0,0,0,0,0,0
2015,TE,Austin,Hooper,ATL,Bye,0,0,0,0,0,0,0,0,0,0,0
2015,TE,O.J.,Howard,TB,Bye,0,0,0,0,0,0,0,0,0,0,0
2015,TE,Dominique,Jones,Free,Bye,0,0,0,0,0,0,0,0,0,0,0
2015,TE,George,Kittle,SF,Bye,0,0,0,0,0,0,0,0,0,0,0
2015,TE,Ben,Koyack,JAX,CAR,0,0,0,0,0,0,0,0,0,0,0
2015,TE,Jordan,Leggett,NYJ,Bye,0,0,0,0,0,0,0,0,0,0,0
2015,TE,Matt,Lengel,NEIR,Bye,0,0,0,0,0,0,0,0,0,0,0
2015,TE,Chris,Manhertz,CAR,Bye,0,0,0,0,0,0,0,0,0,0,0
2015,TE,Jake,McGee,PIT,Bye,0,0,0,0,0,0,0,0,0,0,0
2015,TE,Sean,McGrath,LAC,DET,0,0,0,0,0,0,0,0,0,0,0
2015,TE,Ifeanyi,Momah,ARI,NO,0,0,0,0,0,0,0,0,0,0,0
2015,TE,David,Morgan,MIN,Bye,0,0,0,0,0,0,0,0,0,0,0
2015,TE,David,Njoku,CLE,Bye,0,0,0,0,0,0,0,0,0,0,0
2015,TE,Ryan,O'Malley,OAK,Bye,0,0,0,0,0,0,0,0,0,0,0
2015,TE,Niles,Paul,WAS,MIA,0,0,0,0,0,0,0,0,0,0,0
2015,TE,Logan,Paulsen,SF,MIA,0,0,0,0,0,0,0,0,0,0,0
2015,TE,Josh,Perkins,ATL,Bye,0,0,0,0,0,0,0,0,0,0,0
2015,TE,Dennis,Pitta,Free,@DEN,0,0,0,0,0,0,0,0,0,0,0
2015,TE,Michael,Roberts,DET,Bye,0,0,0,0,0,0,0,0,0,0,0
2015,TE,Beau,Sandland,Free,Bye,0,0,0,0,0,0,0,0,0,0,0
2015,TE,Eric,Saubert,ATL,Bye,0,0,0,0,0,0,0,0,0,0,0
2015,TE,Wes,Saxton,BUF,CLE,0,0,0,0,0,0,0,0,0,0,0
2015,TE,Mason,Schreck,CIN,Bye,0,0,0,0,0,0,0,0,0,0,0
2015,TE,Greg,Scruggs,Free,GB,0,0,0,0,0,0,0,0,0,0,0
2015,TE,Adam,Shaheen,CHI,Bye,0,0,0,0,0,0,0,0,0,0,0
2015,TE,Jonnu,Smith,TEN,Bye,0,0,0,0,0,0,0,0,0,0,0
2015,TE,Jeremy,Sprinkle,WAS,Bye,0,0,0,0,0,0,0,0,0,0,0
2015,TE,Neal,Sterling,JAX,CAR,0,0,0,0,0,0,0,0,0,0,0
2015,TE,Geoff,Swaim,DAL,NYG,0,0,0,0,0,0,0,0,0,0,0
2015,TE,Erik,Swoope,IND,Bye,0,0,0,0,0,0,0,0,0,0,0
2015,TE,Randall,Telfer,CLE,@NYJ,0,0,0,0,0,0,0,0,0,0,0
2015,TE,Austin,Traylor,DEN,Bye,0,0,0,0,0,0,0,0,0,0,0
2016,QB,Aaron,Rodgers,GB,@JAX,4428,40,7,369,4,0,0,0,2,4,380.02
2016,QB,Matt,Ryan,ATL,TB,4944,38,7,117,0,0,0,0,2,2,347.46
2016,QB,Drew,Brees,NO,OAK,5208,37,15,20,2,0,0,0,0,4,332.32
2016,QB,Andrew,Luck,IND,DET,4240,31,13,341,2,0,0,0,2,5,307.7
2016,QB,Kirk,Cousins,WAS,PIT,4917,25,12,96,4,0,0,0,0,3,300.28
2016,QB,Dak,Prescott,DAL,NYG,3667,23,4,282,6,0,0,0,0,4,286.88
2016,QB,Matthew,Stafford,DET,@IND,4327,24,10,207,2,0,0,0,1,2,279.78
2016,QB,Tyrod,Taylor,BUF,@BAL,3023,17,6,580,6,0,0,0,2,2,270.92
2016,QB,Blake,Bortles,JAX,GB,3905,23,16,359,3,20,1,0,2,6,270.1
2016,QB,Derek,Carr,OAK,@NO,3937,28,6,70,0,0,0,0,5,3,268.48
2016,QB,Russell,Wilson,SEA,MIA,4219,21,11,259,1,14,1,0,1,2,268.06
2016,QB,Andy,Dalton,CIN,@NYJ,4206,18,8,184,4,0,0,0,0,3,260.64
2016,QB,Marcus,Mariota,TEN,MIN,3426,26,9,349,2,0,0,0,0,5,259.94
2016,QB,Philip,Rivers,LAC,@KC,4386,33,21,35,0,0,0,0,0,5,258.94
2016,QB,Tom,Brady,NE,@ARI,3554,28,2,64,0,0,0,0,1,0,258.56
2016,QB,Jameis,Winston,TB,@ATL,4090,28,18,165,1,0,0,0,3,6,256.1
2016,QB,Cam,Newton,CAR,@DEN,3509,19,14,359,5,0,0,0,2,2,254.26
2016,QB,Ben,Roethlisberger,PIT,@WAS,3819,29,13,14,1,0,0,0,3,2,252.16
2016,QB,Carson,Palmer,ARI,NE,4233,26,14,38,0,0,0,0,1,4,243.12
2016,QB,Joe,Flacco,BAL,BUF,4317,20,15,58,2,0,0,0,4,3,242.48
2016,QB,Eli,Manning,NYG,@DAL,4027,26,16,-9,0,0,0,0,0,4,224.18
2016,QB,Alex,Smith,KC,LAC,3502,15,8,134,5,3,0,0,2,4,223.78
2016,QB,Sam,Bradford,MIN,@TEN,3877,20,5,53,0,5,0,0,0,5,220.88
2016,QB,Carson,Wentz,PHI,CLE,3782,16,14,150,2,7,0,0,2,3,212.98
2016,QB,Colin,Kaepernick,,LA,2241,16,4,468,2,0,0,0,1,3,200.44
2016,QB,Trevor,Siemian,DEN,Bye,3401,18,10,57,0,0,0,0,1,2,191.74
2016,QB,Ryan,Tannehill,MIA,Bye,2995,19,12,164,1,0,0,0,1,3,190.2
2016,QB,Brock,Osweiler,CLE,Bye,2957,15,16,131,2,-14,0,0,0,1,167.98
2016,QB,Ryan,Fitzpatrick,TB,Bye,2710,12,17,130,0,0,0,0,0,1,133.4
2016,QB,Case,Keenum,MIN,Bye,2201,9,11,51,1,0,0,0,0,1,111.14
2016,QB,Brian,Hoyer,SF,Bye,1445,6,0,-2,0,0,0,0,0,1,79.6
2016,QB,Cody,Kessler,CLE,Bye,1380,6,2,18,0,0,0,0,1,1,77
2016,QB,Blaine,Gabbert,ARI,Bye,925,5,6,173,2,-16,0,0,0,0,72.7
2016,QB,Matt,Barkley,SF,Bye,1611,8,14,2,0,2,1,0,0,2,70.84
2016,QB,Robert,Griffin III,,Bye,886,2,3,190,2,0,0,0,0,1,66.44
2016,QB,Matt,Moore,MIA,Bye,721,8,3,-1,0,0,0,0,0,0,54.74
2016,QB,Jared,Goff,LA,Bye,1089,5,7,16,1,0,0,0,0,2,53.16
2016,QB,Josh,McCown,NYJ,Bye,1100,6,6,21,0,0,0,0,1,4,52.1
2016,QB,Jimmy,Garoppolo,NE,Bye,502,4,0,6,0,3,0,0,0,1,34.98
2016,QB,Landry,Jones,PIT,Bye,558,4,2,-4,0,0,0,0,0,0,33.92
2016,QB,Bryce,Petty,NYJ,Bye,809,3,7,19,0,0,0,0,1,1,32.26
2016,QB,Paxton,Lynch,DEN,Bye,497,2,1,25,0,0,0,0,0,0,28.38
2016,QB,Jacoby,Brissett,NE,Bye,400,0,0,83,1,0,0,0,0,1,28.3
2016,QB,Nick,Foles,PHI,Bye,410,3,0,-4,0,0,0,0,0,0,28
2016,QB,Tom,Savage,HOU,Bye,461,0,0,12,0,0,0,0,0,1,17.64
2016,QB,Kevin,Hogan,CLE,Bye,104,0,2,105,1,0,0,0,0,0,16.66
2016,QB,Derek,Anderson,CAR,Bye,453,2,5,4,0,0,0,0,1,1,16.52
2016,QB,Matt,Cassel,TEN,Bye,284,2,2,3,0,0,0,0,0,0,15.66
2016,QB,Shaun,Hill,,Bye,242,0,0,5,0,0,0,0,0,0,10.18
2016,QB,Drew,Stanton,ARI,Bye,192,2,3,-3,0,0,0,0,0,0,9.38
2016,QB,Mike,Glennon,CHI,Bye,75,1,0,0,0,0,0,0,1,0,9
2016,QB,Scott,Tolzien,IND,Bye,216,1,2,3,0,0,0,0,0,0,8.94
2016,QB,Geno,Smith,NYG,Bye,126,1,1,9,0,0,0,0,0,0,7.94
2016,QB,Trevone,Boykin,SEA,Bye,145,1,1,1,0,0,0,0,0,0,7.9
2016,QB,EJ,Manuel,OAK,Bye,131,0,0,22,0,0,0,0,1,1,7.44
2016,QB,Connor,Cook,OAK,Bye,150,1,1,0,0,0,0,0,0,1,6
2016,QB,Tony,Romo,,Bye,29,1,0,0,0,0,0,0,0,0,5.16
2016,QB,Cardale,Jones,LAC,Bye,96,0,1,-1,0,0,0,0,0,0,1.74
2016,QB,Matt,McGloin,PHI,Bye,50,0,0,-3,0,0,0,0,0,0,1.7
2016,QB,Chase,Daniel,NO,Bye,16,0,0,0,0,0,0,0,0,0,0.64
2016,QB,Matt,Schaub,ATL,Bye,16,0,0,-2,0,0,0,0,0,0,0.44
2016,QB,Tyler,Bray,KC,Bye,0,0,0,0,0,0,0,0,0,0,0
2016,QB,Teddy,Bridgewater,MIN,Bye,0,0,0,0,0,0,0,0,0,0,0
2016,QB,Jeff,Driskel,CIN,Bye,0,0,0,0,0,0,0,0,0,0,0
2016,QB,Garrett,Grayson,NO,Bye,0,0,0,0,0,0,0,0,0,0,0
2016,QB,Christian,Hackenberg,NYJ,Bye,0,0,0,0,0,0,0,0,0,0,0
2016,QB,AJ,McCarron,CIN,Bye,0,0,0,0,0,0,0,0,0,0,0
2016,QB,Luke,McCown,DAL,Bye,0,0,0,0,0,0,0,0,0,0,0
2016,QB,Colt,McCoy,WAS,Bye,0,0,0,0,0,0,0,0,0,0,0
2016,QB,Zach,Mettenberger,,Bye,0,0,0,0,0,0,0,0,0,0,0
2016,QB,Kellen,Moore,DAL,Bye,0,0,0,0,0,0,0,0,0,0,0
2016,QB,Aaron,Murray,,Bye,0,0,0,0,0,0,0,0,0,0,0
2016,QB,Ryan,Nassib,NO,Bye,0,0,0,0,0,0,0,0,0,0,0
2016,QB,Jake,Rudock,DET,Bye,0,0,0,0,0,0,0,0,0,0,0
2016,QB,Connor,Shaw,CHI,Bye,0,0,0,0,0,0,0,0,0,0,0
2016,QB,Joel,Stave,KC,Bye,0,0,0,0,0,0,0,0,0,0,0
2016,QB,Brandon,Weeden,HOU,Bye,0,0,0,0,0,0,0,0,0,0,0
2016,QB,T.J.,Yates,BUF,Bye,0,0,0,0,0,0,0,0,0,0,0
2016,QB,Kellen,Clemens,LAC,Bye,0,0,0,-1,0,0,0,0,0,0,-0.1
2016,QB,Chad,Henne,JAX,Bye,0,0,0,-2,0,0,0,0,0,0,-0.2
2016,QB,Mark,Sanchez,CHI,Bye,93,0,2,-2,0,0,0,0,0,0,-0.48
2016,QB,Sean,Mannion,LA,Bye,19,0,1,-1,0,0,0,0,0,0,-1.34
2016,QB,Brett,Hundley,GB,Bye,17,0,1,-2,0,0,0,0,0,0,-1.52
2016,QB,Ryan,Mallett,BAL,Bye,26,0,1,-6,0,0,0,0,0,0,-1.56
2016,QB,Brandon,Allen,JAX,Bye,0,0,0,0,0,0,0,0,0,0,0
2016,QB,C.J.,Beathard,SF,Bye,0,0,0,0,0,0,0,0,0,0,0
2016,QB,Jay,Cutler,MIA,Bye,0,0,0,0,0,0,0,0,0,0,0
2016,QB,Joshua,Dobbs,PIT,Bye,0,0,0,0,0,0,0,0,0,0,0
2016,QB,Brad,Kaaya,DET,Bye,0,0,0,0,0,0,0,0,0,0,0
2016,QB,Chad,Kelly,DEN,Bye,0,0,0,0,0,0,0,0,0,0,0
2016,QB,DeShone,Kizer,CLE,Bye,0,0,0,0,0,0,0,0,0,0,0
2016,QB,Patrick,Mahomes,KC,Bye,0,0,0,0,0,0,0,0,0,0,0
2016,QB,Nathan,Peterman,BUF,Bye,0,0,0,0,0,0,0,0,0,0,0
2016,QB,Tim,Tebow,,Bye,0,0,0,0,0,0,0,0,0,0,0
2016,QB,Mitchell,Trubisky,CHI,Bye,0,0,0,0,0,0,0,0,0,0,0
2016,QB,Deshaun,Watson,HOU,Bye,0,0,0,0,0,0,0,0,0,0,0
2016,QB,Davis,Webb,NYG,Bye,0,0,0,0,0,0,0,0,0,0,0
2016,RB,David,Johnson,ARI,NE,0,0,0,1239,16,879,4,0,1,3,327.8
2016,RB,Ezekiel,Elliott,DAL,NYG,0,0,0,1631,15,363,1,0,0,1,293.4
2016,RB,LeSean,McCoy,BUF,@BAL,0,0,0,1267,13,356,1,0,1,0,248.3
2016,RB,Le'Veon,Bell,PIT,@WAS,0,0,0,1268,7,616,2,0,1,1,242.4
2016,RB,DeMarco,Murray,TEN,MIN,10,1,0,1287,9,377,3,0,0,1,240.8
2016,RB,Devonta,Freeman,ATL,TB,0,0,0,1079,11,462,2,0,0,1,230.1
2016,RB,LeGarrette,Blount,PHI,@ARI,0,0,0,1161,18,38,0,0,0,1,225.9
2016,RB,Melvin,Gordon,LAC,@KC,0,0,0,997,10,419,2,0,0,2,209.6
2016,RB,Jordan,Howard,CHI,@HOU,0,0,0,1313,6,298,1,0,0,1,201.1
2016,RB,Mark,Ingram,NO,OAK,0,0,0,1043,6,319,4,0,2,2,196.2
2016,RB,Jay,Ajayi,MIA,@SEA,0,0,0,1272,8,151,0,0,0,1,188.3
2016,RB,Frank,Gore,IND,DET,0,0,0,1025,4,277,4,0,0,1,176.2
2016,RB,Latavius,Murray,MIN,@NO,0,0,0,788,12,264,0,0,0,1,175.2
2016,RB,Isaiah,Crowell,CLE,@PHI,0,0,0,952,7,319,0,0,0,2,165.1
2016,RB,Carlos,Hyde,SF,LA,0,0,0,988,6,163,3,0,1,3,165.1
2016,RB,Spencer,Ware,KC,LAC,0,0,0,921,3,447,2,0,0,3,160.8
2016,RB,Tevin,Coleman,ATL,TB,0,0,0,520,8,421,3,0,0,0,160.1
2016,RB,Lamar,Miller,HOU,CHI,0,0,0,1073,5,188,1,0,0,1,160.1
2016,RB,Jeremy,Hill,CIN,@NYJ,0,0,0,839,9,174,0,0,0,0,155.3
2016,RB,Todd,Gurley,LA,@SF,0,0,0,885,6,327,0,0,0,1,155.2
2016,RB,Matt,Forte,NYJ,CIN,0,0,0,813,7,263,1,0,0,1,153.6
2016,RB,Bilal,Powell,NYJ,CIN,0,0,0,722,3,388,2,0,0,1,139
2016,RB,Jonathan,Stewart,CAR,@DEN,0,0,0,824,9,60,0,0,0,2,138.4
2016,RB,Terrance,West,BAL,BUF,0,0,0,774,5,236,1,0,0,0,137
2016,RB,Ryan,Mathews,,CLE,0,0,0,661,8,115,1,0,2,2,131.6
2016,RB,Rob,Kelley,WAS,Bye,0,0,0,704,6,82,1,0,0,0,120.6
2016,RB,Mike,Gillislee,NE,Bye,0,0,0,577,8,50,1,0,0,0,116.7
2016,RB,Christine,Michael,IND,Bye,0,0,0,583,7,107,1,0,0,1,115
2016,RB,Devontae,Booker,DEN,Bye,0,0,0,612,4,265,1,0,0,3,111.7
2016,RB,Darren,Sproles,PHI,Bye,0,0,0,438,2,427,2,0,0,0,110.5
2016,RB,Theo,Riddick,DET,Bye,0,0,0,357,1,371,5,0,0,0,108.8
2016,RB,Jerick,McKinnon,MIN,Bye,0,0,0,539,2,255,2,0,1,0,105.4
2016,RB,Tim,Hightower,SF,Bye,0,0,0,548,4,200,1,0,0,0,104.8
2016,RB,Rashad,Jennings,,Bye,0,0,0,593,3,201,1,0,0,0,103.4
2016,RB,James,White,NE,Bye,0,0,0,166,0,551,5,0,0,0,101.7
2016,RB,Matt,Asiata,DET,Bye,0,0,0,402,6,263,0,0,0,1,100.5
2016,RB,Chris,Thompson,WAS,Bye,0,0,0,356,3,349,2,0,0,1,98.5
2016,RB,Ty,Montgomery,GB,Bye,0,0,0,457,3,348,0,0,0,1,96.5
2016,RB,Derrick,Henry,TEN,Bye,0,0,0,490,5,137,0,0,0,0,92.7
2016,RB,Duke,Johnson,CLE,Bye,0,0,0,358,1,514,0,0,0,1,91.2
2016,RB,T.J.,Yeldon,JAX,Bye,0,0,0,465,1,312,1,0,0,1,87.7
2016,RB,C.J.,Anderson,DEN,Bye,0,0,0,437,4,128,1,0,0,0,86.5
2016,RB,Jalen,Richard,OAK,Bye,0,0,0,491,1,194,2,0,0,0,86.5
2016,RB,Giovani,Bernard,CIN,Bye,0,0,0,337,2,336,1,0,0,1,83.3
2016,RB,Robert,Turbin,IND,Bye,0,0,0,164,7,179,1,0,0,0,82.3
2016,RB,DeAngelo,Williams,,Bye,0,0,0,343,4,118,2,0,0,0,82.1
2016,RB,Shaun,Draughn,NYG,Bye,0,0,0,196,4,263,2,0,0,1,79.9
2016,RB,Jacquizz,Rodgers,TB,Bye,0,0,0,560,2,98,0,0,0,0,77.8
2016,RB,Zach,Zenner,DET,Bye,0,0,0,334,4,196,0,0,0,1,75
2016,RB,Chris,Ivory,JAX,Bye,0,0,0,439,3,186,0,0,0,3,74.5
2016,RB,Kenneth,Dixon,BAL,Bye,0,0,0,382,2,162,1,0,0,0,72.4
2016,RB,Doug,Martin,TB,Bye,0,0,0,421,3,134,0,0,0,1,71.5
2016,RB,Damien,Williams,MIA,Bye,0,0,0,115,3,249,3,0,0,1,70.4
2016,RB,DeAndre,Washington,OAK,Bye,0,0,0,467,2,115,0,0,0,1,68.2
2016,RB,Matt,Jones,WAS,Bye,0,0,0,460,3,73,0,0,0,2,67.3
2016,RB,Charcandrick,West,KC,Bye,0,0,0,293,1,188,2,0,0,0,66.1
2016,RB,Thomas,Rawls,SEA,Bye,0,0,0,349,3,96,0,0,0,0,62.5
2016,RB,Paul,Perkins,NYG,Bye,0,0,0,456,0,162,0,0,0,0,61.8
2016,RB,Rex,Burkhead,NE,Bye,0,0,0,344,2,145,0,0,0,1,58.9
2016,RB,Jeremy,Langford,CHI,Bye,0,0,0,200,4,142,0,0,0,2,54.2
2016,RB,Travaris,Cadet,NO,Bye,0,0,0,19,0,281,4,0,0,0,54
2016,RB,Alfred,Blue,HOU,Bye,0,0,0,420,1,40,0,0,0,1,50
2016,RB,Fozzy,Whittaker,CAR,Bye,0,0,0,265,0,226,0,0,0,1,47.1
2016,RB,Jamize,Olawale,OAK,Bye,0,0,0,47,2,227,1,0,0,0,45.4
2016,RB,C.J.,Prosise,SEA,Bye,0,0,0,172,1,208,0,0,0,0,44
2016,RB,Charles,Sims,TB,Bye,0,0,0,149,1,190,1,0,0,1,43.9
2016,RB,Justin,Forsett,,Bye,0,0,0,291,1,85,0,0,0,1,41.6
2016,RB,John,Kuhn,NO,Bye,0,0,0,37,4,70,1,0,0,0,40.7
2016,RB,Wendell,Smallwood,PHI,Bye,0,0,0,312,1,55,0,0,0,1,40.7
2016,RB,James,Starks,,Bye,0,0,0,145,0,134,2,0,0,0,39.9
2016,RB,Eddie,Lacy,SEA,Bye,0,0,0,360,0,28,0,0,0,0,38.8
2016,RB,Dwayne,Washington,DET,Bye,0,0,0,265,1,62,0,0,0,0,38.7
2016,RB,Dion,Lewis,NE,Bye,0,0,0,283,0,94,0,0,0,0,37.7
2016,RB,Aaron,Ripkowski,GB,Bye,0,0,0,150,2,46,1,0,0,0,37.6
2016,RB,Alfred,Morris,DAL,Bye,0,0,0,243,2,11,0,0,0,0,37.4
2016,RB,Kyle,Juszczyk,SF,Bye,0,0,0,22,1,266,0,0,1,0,36.8
2016,RB,Kenyan,Drake,MIA,Bye,0,0,0,179,2,46,0,0,0,0,34.5
2016,RB,Corey,Grant,JAX,Bye,0,0,0,164,1,35,1,0,0,0,31.9
2016,RB,Peyton,Barber,TB,Bye,0,0,0,223,1,28,0,0,0,0,31.1
2016,RB,Kenjon,Barner,LAC,Bye,0,0,0,129,2,42,0,0,0,0,29.1
2016,RB,Kerwynn,Williams,ARI,Bye,0,0,0,157,2,6,0,0,0,0,28.3
2016,RB,Cameron,Artis-Payne,CAR,Bye,0,0,0,144,2,11,0,0,0,0,27.5
2016,RB,DuJuan,Harris,,Bye,0,0,0,138,0,115,1,0,0,2,27.3
2016,RB,Shane,Vereen,NYG,Bye,0,0,0,158,1,94,0,0,0,2,27.2
2016,RB,Kapri,Bibbs,SF,Bye,0,0,0,129,0,75,1,0,0,0,26.4
2016,RB,Alex,Collins,SEA,Bye,0,0,0,125,1,84,0,0,0,1,24.9
2016,RB,Mike,Tolbert,BUF,Bye,0,0,0,114,0,72,1,0,0,0,24.6
2016,RB,Orleans,Darkwa,NYG,Bye,0,0,0,111,2,12,0,0,0,0,24.3
2016,RB,Kenneth,Farrow,LAC,Bye,0,0,0,192,0,70,0,0,0,1,24.2
2016,RB,Ronnie,Hillman,DAL,Bye,0,0,0,131,0,93,0,0,0,0,22.4
2016,RB,Ameer,Abdullah,DET,Bye,0,0,0,101,0,57,1,0,0,0,21.8
2016,RB,Lance,Dunbar,LA,Bye,0,0,0,31,1,122,0,0,0,0,21.3
2016,RB,Danny,Woodhead,BAL,Bye,0,0,0,116,0,35,1,0,0,0,21.1
2016,RB,Jonathan,Grimes,JAX,Bye,0,0,0,105,0,94,0,0,0,0,19.9
2016,RB,Bobby,Rainey,BAL,Bye,0,0,0,63,0,153,0,0,0,1,19.6
2016,RB,Benny,Cunningham,CHI,Bye,0,0,0,101,0,91,0,0,0,0,19.2
2016,RB,Ka'Deem,Carey,CHI,Bye,0,0,0,126,0,55,0,0,0,0,18.1
2016,RB,Andre,Ellington,ARI,Bye,0,0,0,96,0,85,0,0,0,0,18.1
2016,RB,Denard,Robinson,,Bye,0,0,0,144,0,22,0,0,0,0,16.6
2016,RB,Terron,Ward,ATL,Bye,0,0,0,151,0,11,0,0,0,0,16.2
2016,RB,Josh,Ferguson,IND,Bye,0,0,0,20,0,136,0,0,0,0,15.6
2016,RB,Chris,Johnson,ARI,Bye,0,0,0,95,1,0,0,0,0,0,15.5
2016,RB,Mack,Brown,WAS,Bye,0,0,0,82,1,-2,0,0,0,0,14
2016,RB,Akeem,Hunt,HOU,Bye,0,0,0,109,0,29,0,0,0,0,13.8
2016,RB,Andy,Janovich,DEN,Bye,0,0,0,33,1,44,0,0,0,0,13.7
2016,RB,Mike,Davis,SEA,Bye,0,0,0,50,1,25,0,0,0,1,11.5
2016,RB,Jamaal,Charles,DEN,Bye,0,0,0,40,1,14,0,0,0,0,11.4
2016,RB,Jonathan,Williams,BUF,Bye,0,0,0,94,1,0,0,0,0,2,11.4
2016,RB,Patrick,DiMarco,BUF,Bye,0,0,0,0,0,52,1,0,0,0,11.2
2016,RB,Darren,McFadden,DAL,Bye,0,0,0,87,0,17,0,0,0,0,10.4
2016,RB,Antone,Smith,,Bye,0,0,0,47,0,77,0,0,0,1,10.4
2016,RB,Alan,Cross,TB,Bye,0,0,0,0,0,38,1,0,0,0,9.8
2016,RB,George,Atkinson,OAK,Bye,0,0,0,34,1,0,0,0,0,0,9.4
2016,RB,Marcel,Reece,SEA,Bye,0,0,0,0,0,73,0,0,1,0,9.3
2016,RB,Terrell,Watson,PIT,Bye,0,0,0,28,1,5,0,0,0,0,9.3
2016,RB,Fitzgerald,Toussaint,PIT,Bye,0,0,0,58,0,33,0,0,0,0,9.1
2016,RB,Derek,Watt,LAC,Bye,0,0,0,4,0,83,0,0,0,0,8.7
2016,RB,Andre,Williams,LAC,Bye,0,0,0,87,0,0,0,0,0,0,8.7
2016,RB,Juwan,Thompson,DEN,Bye,0,0,0,26,1,0,0,0,0,0,8.6
2016,RB,Jerome,Felton,,Bye,0,0,0,13,0,57,0,0,0,0,7
2016,RB,Malcolm,Brown,LA,Bye,0,0,0,39,0,46,0,0,0,1,6.5
2016,RB,Adrian,Peterson,NO,Bye,0,0,0,72,0,8,0,0,0,1,6
2016,RB,Jordan,Todman,NYJ,Bye,0,0,0,59,0,0,0,0,0,0,5.9
2016,RB,Knile,Davis,PIT,Bye,0,0,0,28,0,25,0,0,0,0,5.3
2016,RB,Javorius,Allen,BAL,Bye,0,0,0,34,0,15,0,0,0,0,4.9
2016,RB,Troymaine,Pope,IND,Bye,0,0,0,44,0,5,0,0,0,0,4.9
2016,RB,Brandon,Wilds,CLE,Bye,0,0,0,27,0,20,0,0,0,0,4.7
2016,RB,Daniel,Lasco,NO,Bye,0,0,0,32,0,11,0,0,0,0,4.3
2016,RB,Mike,James,DET,Bye,0,0,0,19,0,22,0,0,0,0,4.1
2016,RB,Taiwan,Jones,BUF,Bye,0,0,0,-8,0,43,0,0,0,0,3.5
2016,RB,Don,Jackson,,Bye,0,0,0,32,0,0,0,0,0,0,3.2
2016,RB,Danny,Vitale,CLE,Bye,0,0,0,0,0,27,0,0,0,0,2.7
2016,RB,D.J.,Foster,NE,Bye,0,0,0,24,0,2,0,0,0,0,2.6
2016,RB,Brandon,Bolden,NE,Bye,0,0,0,4,0,15,0,0,0,0,1.9
2016,RB,James,Develin,NE,Bye,0,0,0,0,0,18,0,0,0,0,1.8
2016,RB,J.D.,McKissic,SEA,Bye,0,0,0,2,0,16,0,0,0,0,1.8
2016,RB,Jalston,Fowler,TEN,Bye,0,0,0,3,0,14,0,0,0,0,1.7
2016,RB,Antonio,Andrews,,Bye,0,0,0,15,0,0,0,0,0,0,1.5
2016,RB,Zach,Line,,Bye,0,0,0,15,0,0,0,0,0,0,1.5
2016,RB,Cedric,Peerman,CIN,Bye,0,0,0,15,0,0,0,0,0,0,1.5
2016,RB,Jay,Prosch,HOU,Bye,0,0,0,9,0,6,0,0,0,0,1.5
2016,RB,Stepfan,Taylor,,Bye,0,0,0,12,0,0,0,0,0,0,1.2
2016,RB,Anthony,Sherman,KC,Bye,0,0,0,0,0,11,0,0,0,0,1.1
2016,RB,Lorenzo,Taliaferro,BAL,Bye,0,0,0,0,0,10,0,0,0,0,1
2016,RB,Joe,Banyard,BUF,Bye,0,0,0,7,0,0,0,0,0,0,0.7
2016,RB,Daryl,Richardson,,Bye,0,0,0,7,0,0,0,0,0,0,0.7
2016,RB,Rod,Smith,DAL,Bye,0,0,0,0,0,4,0,0,0,0,0.4
2016,RB,Marcus,Murphy,NYJ,Bye,0,0,0,0,0,3,0,0,0,0,0.3
2016,RB,Khiry,Robinson,,Bye,0,0,0,22,0,0,0,0,0,1,0.2
2016,RB,Dri,Archer,,Bye,0,0,0,0,0,0,0,0,0,0,0
2016,RB,Zac,Brooks,,Bye,0,0,0,0,0,0,0,0,0,0,0
2016,RB,Tra,Carson,CIN,Bye,0,0,0,0,0,0,0,0,0,0,0
2016,RB,David,Cobb,,Bye,0,0,0,0,0,0,0,0,0,0,0
2016,RB,John,Crockett,OAK,Bye,0,0,0,0,0,0,0,0,0,0,0
2016,RB,Aaron,Green,LA,Bye,0,0,0,0,0,0,0,0,0,0,0
2016,RB,Glenn,Gronkowski,NE,Bye,0,0,0,0,0,0,0,0,0,0,0
2016,RB,C.J.,Ham,MIN,Bye,0,0,0,0,0,0,0,0,0,0,0
2016,RB,Austin,Johnson,TB,Bye,0,0,0,0,0,0,0,0,0,0,0
2016,RB,Devon,Johnson,,Bye,0,0,0,0,0,0,0,0,0,0,0
2016,RB,Storm,Johnson,MIA,Bye,0,0,0,0,0,0,0,0,0,0,0
2016,RB,Will,Johnson,,Bye,0,0,0,0,0,0,0,0,0,0,0
2016,RB,Tre,Madden,SEA,Bye,0,0,0,0,0,0,0,0,0,0,0
2016,RB,Keith,Marshall,WAS,Bye,0,0,0,0,0,0,0,0,0,0,0
2016,RB,Tre,Mason,,Bye,0,0,0,0,0,0,0,0,0,0,0
2016,RB,Branden,Oliver,LAC,Bye,0,0,0,0,0,0,0,0,0,0,0
2016,RB,Jhurrell,Pressley,ATL,Bye,0,0,0,0,0,0,0,0,0,0,0
2016,RB,Darrin,Reaves,,Bye,0,0,0,0,0,0,0,0,0,0,0
2016,RB,Bishop,Sankey,MIN,Bye,0,0,0,0,0,0,0,0,0,0,0
2016,RB,Kelvin,Taylor,ATL,Bye,0,0,0,0,0,0,0,0,0,0,0
2016,RB,Karlos,Williams,,Bye,0,0,0,0,0,0,0,0,0,0,0
2016,RB,George,Winn,IND,Bye,0,0,0,0,0,0,0,0,0,0,0
2016,RB,Glenn,Winston,,Bye,0,0,0,0,0,0,0,0,0,0,0
2016,RB,Brandon,Burks,,Bye,0,0,0,-4,0,0,0,0,0,0,-0.4
2016,RB,Tyler,Ervin,HOU,Bye,0,0,0,3,0,18,0,0,0,2,-1.9
2016,RB,Matt,Breida,SF,Bye,0,0,0,0,0,0,0,0,0,0,0
2016,RB,Chris,Carson,SEA,Bye,0,0,0,0,0,0,0,0,0,0,0
2016,RB,Corey,Clement,PHI,Bye,0,0,0,0,0,0,0,0,0,0,0
2016,RB,Tarik,Cohen,CHI,Bye,0,0,0,0,0,0,0,0,0,0,0
2016,RB,James,Conner,PIT,Bye,0,0,0,0,0,0,0,0,0,0,0
2016,RB,Dalvin,Cook,MIN,Bye,0,0,0,0,0,0,0,0,0,0,0
2016,RB,LeShun,Daniels,NE,Bye,0,0,0,0,0,0,0,0,0,0,0
2016,RB,Justin,Davis,LA,Bye,0,0,0,0,0,0,0,0,0,0,0
2016,RB,Matt,Dayes,CLE,Bye,0,0,0,0,0,0,0,0,0,0,0
2016,RB,Austin,Ekeler,LAC,Bye,0,0,0,0,0,0,0,0,0,0,0
2016,RB,D'Onta,Foreman,HOU,Bye,0,0,0,0,0,0,0,0,0,0,0
2016,RB,Leonard,Fournette,JAX,Bye,0,0,0,0,0,0,0,0,0,0,0
2016,RB,Wayne,Gallman,NYG,Bye,0,0,0,0,0,0,0,0,0,0,0
2016,RB,Tion,Green,DET,Bye,0,0,0,0,0,0,0,0,0,0,0
2016,RB,De'Angelo,Henderson,DEN,Bye,0,0,0,0,0,0,0,0,0,0,0
2016,RB,Quayvon,Hicks,TB,Bye,0,0,0,0,0,0,0,0,0,0,0
2016,RB,Brian,Hill,ATL,Bye,0,0,0,0,0,0,0,0,0,0,0
2016,RB,Elijah,Hood,OAK,Bye,0,0,0,0,0,0,0,0,0,0,0
2016,RB,Kareem,Hunt,KC,Bye,0,0,0,0,0,0,0,0,0,0,0
2016,RB,Aaron,Jones,GB,Bye,0,0,0,0,0,0,0,0,0,0,0
2016,RB,Alvin,Kamara,NO,Bye,0,0,0,0,0,0,0,0,0,0,0
2016,RB,T.J.,Logan,ARI,Bye,0,0,0,0,0,0,0,0,0,0,0
2016,RB,Marshawn,Lynch,OAK,Bye,0,0,0,0,0,0,0,0,0,0,0
2016,RB,Marlon,Mack,IND,Bye,0,0,0,0,0,0,0,0,0,0,0
2016,RB,Devante,Mays,GB,Bye,0,0,0,0,0,0,0,0,0,0,0
2016,RB,Christian,McCaffrey,CAR,Bye,0,0,0,0,0,0,0,0,0,0,0
2016,RB,Elijah,McGuire,NYJ,Bye,0,0,0,0,0,0,0,0,0,0,0
2016,RB,Jeremy,McNichols,TB,Bye,0,0,0,0,0,0,0,0,0,0,0
2016,RB,Joe,Mixon,CIN,Bye,0,0,0,0,0,0,0,0,0,0,0
2016,RB,Khalfani,Muhammad,TEN,Bye,0,0,0,0,0,0,0,0,0,0,0
2016,RB,Dare,Ogunbowale,HOU,Bye,0,0,0,0,0,0,0,0,0,0,0
2016,RB,Samaje,Perine,WAS,Bye,0,0,0,0,0,0,0,0,0,0,0
2016,RB,DJ,Pumphrey,PHI,Bye,0,0,0,0,0,0,0,0,0,0,0
2016,RB,Devine,Redding,KC,Bye,0,0,0,0,0,0,0,0,0,0,0
2016,RB,Sam,Rogers,LA,Bye,0,0,0,0,0,0,0,0,0,0,0
2016,RB,C.J.,Spiller,KC,Bye,0,0,0,0,0,0,0,0,0,0,0
2016,RB,Daryl,Virgies,,Bye,0,0,0,0,0,0,0,0,0,0,0
2016,RB,Jamaal,Williams,GB,Bye,0,0,0,0,0,0,0,0,0,0,0
2016,RB,Joe,Williams,SF,Bye,0,0,0,0,0,0,0,0,0,0,0
2016,RB,Marquez,Williams,JAX,Bye,0,0,0,0,0,0,0,0,0,0,0
2016,RB,Brandon,Wilson,CIN,Bye,0,0,0,0,0,0,0,0,0,0,0
2016,WR,Mike,Evans,TB,Bye,0,0,0,0,0,1321,12,0,2,0,208.1
2016,WR,Jordy,Nelson,GB,Bye,0,0,0,0,0,1257,14,0,0,1,207.7
2016,WR,Antonio,Brown,PIT,Bye,0,0,0,9,0,1284,12,0,0,0,201.3
2016,WR,Odell,Beckham,NYG,Bye,0,0,0,9,0,1367,10,0,0,1,195.6
2016,WR,T.Y.,Hilton,IND,Bye,0,0,0,0,0,1448,6,0,1,0,182.8
2016,WR,Julio,Jones,ATL,Bye,0,0,0,0,0,1409,6,0,0,0,176.9
2016,WR,Davante,Adams,GB,Bye,0,0,0,0,0,997,12,0,1,1,171.7
2016,WR,Brandin,Cooks,NE,Bye,0,0,0,30,0,1173,8,0,0,0,168.3
2016,WR,Michael,Thomas,NO,Bye,0,0,0,0,0,1137,9,0,0,2,163.7
2016,WR,Doug,Baldwin,SEA,Bye,15,1,0,2,0,1128,7,0,0,0,159.6
2016,WR,Michael,Crabtree,OAK,Bye,0,0,0,0,0,1003,8,0,1,0,150.3
2016,WR,Amari,Cooper,OAK,Bye,0,0,0,0,0,1153,5,0,2,0,149.3
2016,WR,Tyrell,Williams,LAC,Bye,0,0,0,0,0,1059,7,0,0,0,147.9
2016,WR,Rishard,Matthews,TEN,Bye,0,0,0,0,0,945,9,0,0,1,146.5
2016,WR,Tyreek,Hill,KC,Bye,0,0,0,267,3,593,6,0,0,1,138
2016,WR,Jarvis,Landry,MIA,Bye,0,0,0,17,0,1136,4,0,1,2,137.3
2016,WR,Larry,Fitzgerald,ARI,Bye,0,0,0,5,0,1023,6,0,0,1,136.8
2016,WR,Terrelle,Pryor,WAS,Bye,41,0,0,21,1,1007,4,0,1,0,136.44
2016,WR,Demaryius,Thomas,DEN,Bye,0,0,0,0,0,1083,5,0,1,2,136.3
2016,WR,Kelvin,Benjamin,CAR,Bye,0,0,0,0,0,941,7,0,0,1,134.1
2016,WR,Emmanuel,Sanders,DEN,Bye,0,0,0,4,0,1032,5,0,0,0,133.6
2016,WR,Julian,Edelman,NE,Bye,0,0,0,57,0,1106,3,0,1,2,132.3
2016,WR,Golden,Tate,DET,Bye,0,0,0,4,0,1077,4,0,1,1,132.1
2016,WR,Mike,Wallace,BAL,Bye,0,0,0,31,0,1017,4,0,1,0,130.8
2016,WR,Dez,Bryant,DAL,Bye,10,1,0,0,0,796,8,0,0,1,130
2016,WR,Kenny,Britt,CLE,Bye,0,0,0,0,0,1002,5,0,0,1,128.2
2016,WR,Kenny,Stills,MIA,Bye,0,0,0,0,0,726,9,0,0,0,126.6
2016,WR,Allen,Robinson,JAX,Bye,0,0,0,0,0,883,6,0,1,0,126.3
2016,WR,Adam,Thielen,MIN,Bye,0,0,0,15,0,967,5,0,0,1,126.2
2016,WR,Jamison,Crowder,WAS,Bye,0,0,0,-2,0,847,7,0,0,1,124.5
2016,WR,DeSean,Jackson,TB,Bye,0,0,0,0,0,1005,4,0,0,0,124.5
2016,WR,Pierre,Garcon,SF,Bye,0,0,0,0,0,1041,3,0,0,0,122.1
2016,WR,Brandon,LaFell,CIN,Bye,0,0,0,-2,0,862,6,0,0,0,122
2016,WR,A.J.,Green,CIN,Bye,0,0,0,0,0,964,4,0,0,0,120.4
2016,WR,Willie,Snead,NO,Bye,50,1,0,0,0,895,4,0,0,0,119.5
2016,WR,DeAndre,Hopkins,HOU,Bye,0,0,0,0,0,954,4,0,0,0,119.4
2016,WR,Sterling,Shepard,NYG,Bye,0,0,0,31,0,683,8,0,0,0,119.4
2016,WR,Marvin,Jones,DET,Bye,0,0,0,3,0,930,4,0,0,0,117.3
2016,WR,Cole,Beasley,DAL,Bye,0,0,0,7,0,833,5,0,0,0,114
2016,WR,Cameron,Meredith,CHI,Bye,2,1,0,6,0,888,4,0,0,2,113.48
2016,WR,Quincy,Enunwa,NYJ,Bye,0,0,0,12,0,857,4,0,0,0,110.9
2016,WR,Marqise,Lee,JAX,Bye,20,1,0,35,0,851,3,0,0,1,109.4
2016,WR,Stefon,Diggs,MIN,Bye,0,0,0,10,0,903,3,0,0,0,109.3
2016,WR,Anquan,Boldin,BUF,Bye,0,0,0,0,0,584,8,0,0,0,106.4
2016,WR,J.J.,Nelson,ARI,Bye,0,0,0,83,1,568,6,0,0,1,105.1
2016,WR,Taylor,Gabriel,ATL,Bye,0,0,0,51,1,579,6,0,0,0,105
2016,WR,Ted,Ginn,NO,Bye,0,0,0,98,0,752,4,0,0,2,105
2016,WR,Dontrelle,Inman,LAC,Bye,0,0,0,0,0,810,4,0,0,0,105
2016,WR,Jordan,Matthews,BUF,Bye,0,0,0,0,0,804,3,0,0,0,98.4
2016,WR,DeVante,Parker,MIA,Bye,0,0,0,0,0,744,4,0,0,0,98.4
2016,WR,Brandon,Marshall,NYG,Bye,0,0,0,0,0,788,3,0,0,0,96.8
2016,WR,Alshon,Jeffery,PHI,Bye,0,0,0,0,0,821,2,0,0,0,94.1
2016,WR,Chris,Hogan,NE,Bye,0,0,0,9,0,680,4,0,0,1,90.9
2016,WR,Mohamed,Sanu,ATL,Bye,0,0,0,5,0,653,4,0,1,1,89.8
2016,WR,Tavon,Austin,LA,Bye,0,0,0,159,1,509,3,0,0,1,88.8
2016,WR,Randall,Cobb,GB,Bye,0,0,0,33,0,610,4,0,0,0,88.3
2016,WR,Travis,Benjamin,LAC,Bye,0,0,0,-3,0,677,4,0,0,3,85.4
2016,WR,Tyler,Lockett,SEA,Bye,0,0,0,114,1,597,1,0,0,0,83.1
2016,WR,Jeremy,Kerley,SF,Bye,0,0,0,0,0,667,3,0,0,1,82.7
2016,WR,Terrance,Williams,DAL,Bye,0,0,0,0,0,594,4,0,0,1,81.4
2016,WR,Michael,Floyd,MIN,Bye,0,0,0,0,0,488,5,0,0,0,78.8
2016,WR,Adam,Humphries,TB,Bye,0,0,0,18,0,622,2,0,1,0,78
2016,WR,Eli,Rogers,PIT,Bye,0,0,0,6,0,594,3,0,0,0,78
2016,WR,Will,Fuller,HOU,Bye,0,0,0,-3,0,635,2,0,0,0,75.2
2016,WR,Brian,Quick,WAS,Bye,0,0,0,0,0,564,3,0,0,0,74.4
2016,WR,Seth,Roberts,OAK,Bye,0,0,0,0,0,397,5,0,2,0,73.7
2016,WR,Robby,Anderson,NYJ,Bye,0,0,0,42,0,587,2,0,0,1,72.9
2016,WR,Donte,Moncrief,IND,Bye,0,0,0,-1,0,307,7,0,0,0,72.6
2016,WR,Tyler,Boyd,CIN,Bye,0,0,0,58,0,603,1,0,0,1,70.1
2016,WR,Breshad,Perriman,BAL,Bye,0,0,0,2,0,499,3,0,0,0,68.1
2016,WR,Robert,Woods,LA,Bye,0,0,0,6,0,613,1,0,0,0,67.9
2016,WR,Phillip,Dorsett,IND,Bye,0,0,0,10,0,528,2,0,0,0,65.8
2016,WR,Allen,Hurns,JAX,Bye,0,0,0,0,0,477,3,0,0,0,65.7
2016,WR,Jeremy,Maclin,BAL,Bye,0,0,0,-1,0,536,2,0,0,0,65.5
2016,WR,John,Brown,ARI,Bye,0,0,0,10,0,517,2,0,0,0,64.7
2016,WR,Tajae,Sharpe,TEN,Bye,0,0,0,1,0,522,2,0,0,0,64.3
2016,WR,Malcolm,Mitchell,NE,Bye,0,0,0,0,0,401,4,0,0,0,64.1
2016,WR,Devin,Funchess,CAR,Bye,0,0,0,0,0,371,4,0,1,0,63.1
2016,WR,Victor,Cruz,CHI,Bye,0,0,0,0,0,586,1,0,0,1,62.6
2016,WR,Cordarrelle,Patterson,OAK,Bye,0,0,0,43,0,453,2,0,0,0,61.6
2016,WR,Marquise,Goodwin,SF,Bye,0,0,0,0,0,431,3,0,0,0,61.1
2016,WR,Kendall,Wright,CHI,Bye,0,0,0,15,0,416,3,0,0,0,61.1
2016,WR,Corey,Coleman,CLE,Bye,0,0,0,10,0,413,3,0,0,0,60.3
2016,WR,Jermaine,Kearse,SEA,Bye,0,0,0,0,0,510,1,0,0,0,57
2016,WR,Sammie,Coates,PIT,Bye,0,0,0,14,0,435,2,0,0,0,56.9
2016,WR,Sammy,Watkins,LA,Bye,0,0,0,0,0,430,2,0,0,0,55
2016,WR,Chris,Conley,KC,Bye,0,0,0,0,0,530,0,0,0,0,53
2016,WR,Nelson,Agholor,PHI,Bye,0,0,0,14,0,365,2,0,1,0,51.9
2016,WR,Dorial,Green-Beckham,Free,Bye,0,0,0,0,0,392,2,0,0,0,51.2
2016,WR,Albert,Wilson,KC,Bye,0,0,0,50,1,279,2,0,0,0,50.9
2016,WR,Andrew,Hawkins,,Bye,0,0,0,0,0,324,3,0,0,0,50.4
2016,WR,Eddie,Royal,,Bye,0,0,0,0,0,369,2,0,0,0,48.9
2016,WR,Russell,Shepard,CAR,Bye,0,0,0,9,0,341,2,0,0,0,47
2016,WR,Danny,Amendola,NE,Bye,0,0,0,0,0,243,4,0,0,1,46.3
2016,WR,Brandon,Coleman,NO,Bye,0,0,0,0,0,281,3,0,0,0,46.1
2016,WR,Torrey,Smith,PHI,Bye,0,0,0,0,0,267,3,0,0,0,44.7
2016,WR,Justin,Hardy,ATL,Bye,0,0,0,0,0,203,4,0,0,0,44.3
2016,WR,Aldrick,Robinson,SF,Bye,0,0,0,0,0,323,2,0,0,0,44.3
2016,WR,Justin,Hunter,PIT,Bye,0,0,0,0,0,189,4,0,0,0,42.9
2016,WR,Quinton,Patton,,Bye,0,0,0,0,0,408,0,0,0,0,40.8
2016,WR,Brice,Butler,DAL,Bye,0,0,0,0,0,219,3,0,0,0,39.9
2016,WR,Kamar,Aiken,IND,Bye,0,0,0,0,0,328,1,0,0,0,38.8
2016,WR,Josh,Bellamy,CHI,Bye,0,0,0,37,0,282,1,0,0,0,37.9
2016,WR,Cobi,Hamilton,PIT,Bye,0,0,0,0,0,234,2,0,0,0,35.4
2016,WR,Darrius,Heyward-Bey,PIT,Bye,0,0,0,60,1,114,2,0,0,0,35.4
2016,WR,Paul,Richardson,SEA,Bye,0,0,0,5,0,288,1,0,0,0,35.3
2016,WR,Deonte,Thompson,CHI,Bye,0,0,0,0,0,249,2,0,0,1,34.9
2016,WR,Bryan,Walters,,Bye,0,0,0,4,0,231,2,0,0,1,33.5
2016,WR,Geronimo,Allison,GB,Bye,0,0,0,0,0,202,2,0,0,0,32.2
2016,WR,Corey,Brown,BUF,Bye,0,0,0,6,0,276,1,0,0,1,32.2
2016,WR,Eric,Decker,TEN,Bye,0,0,0,0,0,194,2,0,0,0,31.4
2016,WR,Rod,Streater,BUF,Bye,0,0,0,0,0,191,2,0,0,0,31.1
2016,WR,Jordan,Taylor,DEN,Bye,0,0,0,0,0,209,2,0,0,1,30.9
2016,WR,Andre,Holmes,BUF,Bye,0,0,0,0,0,126,3,0,0,0,30.6
2016,WR,Tanner,McEvoy,SEA,Bye,43,0,0,0,0,140,2,0,0,0,27.72
2016,WR,Chester,Rogers,IND,Bye,0,0,0,0,0,273,0,0,0,0,27.3
2016,WR,Bennie,Fowler,DEN,Bye,0,0,0,0,0,145,2,0,0,0,26.5
2016,WR,Jeff,Janis,GB,Bye,0,0,0,38,1,93,1,0,0,0,25.1
2016,WR,Jaron,Brown,ARI,Bye,0,0,0,0,0,187,1,0,0,0,24.7
2016,WR,Charone,Peake,NYJ,Bye,0,0,0,0,0,186,0,1,0,0,24.6
2016,WR,Jalin,Marshall,NYJ,Bye,0,0,0,0,0,162,2,0,0,2,24.2
2016,WR,Charles,Johnson,CAR,Bye,0,0,0,0,0,232,0,0,0,0,23.2
2016,WR,Jordan,Norwood,,Bye,0,0,0,0,0,232,1,0,0,3,23.2
2016,WR,Andre,Roberts,ATL,Bye,0,0,0,0,0,188,1,0,0,1,22.8
2016,WR,Marquess,Wilson,NYJ,Bye,0,0,0,0,0,160,1,0,0,0,22
2016,WR,Roger,Lewis,NYG,Bye,0,0,0,0,0,97,2,0,0,0,21.7
2016,WR,Harry,Douglas,TEN,Bye,0,0,0,0,0,210,0,0,0,0,21
2016,WR,Ricardo,Louis,CLE,Bye,0,0,0,0,0,205,0,0,0,0,20.5
2016,WR,Freddie,Martino,TB,Bye,0,0,0,0,0,142,1,0,0,0,20.2
2016,WR,Cody,Core,CIN,Bye,0,0,0,0,0,200,0,0,0,0,20
2016,WR,Kevin,White,CHI,Bye,0,0,0,9,0,187,0,0,0,0,19.6
2016,WR,Josh,Huff,TB,Bye,0,0,0,15,0,113,1,0,0,0,18.8
2016,WR,Vincent,Jackson,,Bye,0,0,0,0,0,173,0,0,0,0,17.3
2016,WR,Brandon,Tate,BUF,Bye,0,0,0,48,0,117,0,0,0,0,16.5
2016,WR,Braxton,Miller,HOU,Bye,0,0,0,0,0,99,1,0,0,0,15.9
2016,WR,Cecil,Shorts,,Bye,0,0,0,0,0,152,0,0,0,0,15.2
2016,WR,Walt,Powell,BUF,Bye,0,0,0,0,0,142,0,0,0,0,14.2
2016,WR,Chris,Harper,NYJ,Bye,0,0,0,0,0,133,0,0,0,0,13.3
2016,WR,Jaelen,Strong,HOU,Bye,0,0,0,0,0,131,0,0,0,0,13.1
2016,WR,Markus,Wheaton,CHI,Bye,0,0,0,0,0,51,1,0,1,0,13.1
2016,WR,Jarius,Wright,MIN,Bye,0,0,0,0,0,67,1,0,0,0,12.7
2016,WR,Paul,Turner,PHI,Bye,0,0,0,0,0,126,0,0,0,0,12.6
2016,WR,Brittan,Golden,ARI,Bye,0,0,0,0,0,82,1,0,0,1,12.2
2016,WR,Lucky,Whitehead,NYJ,Bye,0,0,0,82,0,48,0,0,0,1,11
2016,WR,DeMarcus,Ayers,PIT,Bye,0,0,0,-12,0,53,1,0,0,0,10.1
2016,WR,James,Wright,CLE,Bye,0,0,0,-6,0,106,0,0,0,0,10
2016,WR,Jeremy,Ross,ARI,Bye,0,0,0,0,0,37,1,0,0,0,9.7
2016,WR,T.J.,Jones,DET,Bye,0,0,0,0,0,93,0,0,0,0,9.3
2016,WR,Leonte,Carroo,MIA,Bye,0,0,0,0,0,29,1,0,0,0,8.9
2016,WR,Tommylee,Lewis,NO,Bye,0,0,0,11,0,76,0,0,0,0,8.7
2016,WR,Bryce,Treggs,PHI,Bye,0,0,0,7,0,80,0,0,0,0,8.7
2016,WR,Pharoh,Cooper,LA,Bye,0,0,1,0,0,106,0,0,0,0,8.6
2016,WR,Rashard,Higgins,CLE,Bye,0,0,0,0,0,77,0,0,0,0,7.7
2016,WR,Ryan,Grant,WAS,Bye,0,0,0,0,0,76,0,0,0,0,7.6
2016,WR,Cody,Latimer,DEN,Bye,0,0,0,0,0,76,0,0,0,0,7.6
2016,WR,Byron,Marshall,PHI,Bye,0,0,0,64,0,10,0,0,0,0,7.4
2016,WR,Michael,Campanaro,BAL,Bye,0,0,0,72,0,0,0,0,0,0,7.2
2016,WR,Alex,Erickson,CIN,Bye,0,0,0,0,0,71,0,0,0,0,7.1
2016,WR,Keith,Mumphery,,Bye,0,0,0,0,0,69,0,0,0,0,6.9
2016,WR,Aaron,Burbridge,SF,Bye,0,0,0,0,0,88,0,0,0,1,6.8
2016,WR,Josh,Doctson,WAS,Bye,0,0,0,0,0,66,0,0,0,0,6.6
2016,WR,Maurice,Harris,WAS,Bye,0,0,0,0,0,66,0,0,0,0,6.6
2016,WR,Chris,Moore,BAL,Bye,0,0,0,19,0,46,0,0,0,0,6.5
2016,WR,Trevor,Davis,GB,Bye,0,0,0,0,0,24,1,0,0,1,6.4
2016,WR,De'Anthony,Thomas,KC,Bye,0,0,0,29,0,35,0,0,0,0,6.4
2016,WR,Keenan,Allen,LAC,Bye,0,0,0,0,0,63,0,0,0,0,6.3
2016,WR,Nick,Williams,ATL,Bye,0,0,0,0,0,59,0,0,0,0,5.9
2016,WR,Johnny,Holton,OAK,Bye,0,0,0,43,0,34,0,0,0,1,5.7
2016,WR,Dwayne,Harris,NYG,Bye,0,0,0,0,0,13,1,0,0,1,5.3
2016,WR,Tavarres,King,NYG,Bye,0,0,0,0,0,50,0,0,0,0,5
2016,WR,Quan,Bray,IND,Bye,0,0,0,7,0,36,0,0,0,0,4.3
2016,WR,Bradley,Marquez,LAI,Bye,0,0,0,2,0,37,0,0,0,0,3.9
2016,WR,Dexter,McCluster,,Bye,0,0,0,2,0,36,0,0,0,0,3.8
2016,WR,DeAndre,Smelter,SF,Bye,0,0,0,0,0,23,0,0,0,0,2.3
2016,WR,Devin,Smith,NYJ,Bye,0,0,0,0,0,20,0,0,0,0,2
2016,WR,Devin,Street,HOU,Bye,0,0,0,0,0,20,0,0,0,0,2
2016,WR,Brenton,Bersin,CAR,Bye,0,0,0,0,0,17,0,0,0,0,1.7
2016,WR,Mike,Thomas,LA,Bye,0,0,0,0,0,37,0,0,0,1,1.7
2016,WR,Marc,Mariani,,Bye,0,0,0,15,0,0,0,0,0,0,1.5
2016,WR,Laquon,Treadwell,MIN,Bye,0,0,0,0,0,15,0,0,0,0,1.5
2016,WR,Rashad,Greene,JAX,Bye,0,0,0,0,0,32,0,0,0,1,1.2
2016,WR,Jeremy,Butler,BUF,Bye,0,0,0,0,0,11,0,0,0,0,1.1
2016,WR,Rashad,Ross,BUF,Bye,0,0,0,0,0,8,0,0,0,0,0.8
2016,WR,Jordan,Payton,CLE,Bye,0,0,0,0,0,3,0,0,0,0,0.3
2016,WR,Mario,Alford,CLE,Bye,0,0,0,0,0,0,0,0,0,0,0
2016,WR,Stedman,Bailey,,Bye,0,0,0,0,0,0,0,0,0,0,0
2016,WR,Kenny,Bell,,Bye,0,0,0,0,0,0,0,0,0,0,0
2016,WR,Jace,Billingsley,DET,Bye,0,0,0,0,0,0,0,0,0,0,0
2016,WR,Justin,Blackmon,JAX,Bye,0,0,0,0,0,0,0,0,0,0,0
2016,WR,Moritz,Boehringer,MIN,Bye,0,0,0,0,0,0,0,0,0,0,0
2016,WR,Josh,Boyce,CLE,Bye,0,0,0,0,0,0,0,0,0,0,0
2016,WR,Daniel,Braverman,CHI,Bye,0,0,0,0,0,0,0,0,0,0,0
2016,WR,Da'Ron,Brown,LAC,Bye,0,0,0,0,0,0,0,0,0,0,0
2016,WR,Marlon,Brown,DEN,Bye,0,0,0,0,0,0,0,0,0,0,0
2016,WR,Martavis,Bryant,PIT,Bye,0,0,0,0,0,0,0,0,0,0,0
2016,WR,Isaiah,Burse,LAC,Bye,0,0,0,0,0,0,0,0,0,0,0
2016,WR,Geremy,Davis,LAC,Bye,0,0,0,0,0,0,0,0,0,0,0
2016,WR,Donteea,Dye,TB,Bye,0,0,0,0,0,0,0,0,0,0,0
2016,WR,Marcus,Easley,,Bye,0,0,0,0,0,0,0,0,0,0,0
2016,WR,Bruce,Ellington,HOU,Bye,0,0,0,0,0,0,0,0,0,0,0
2016,WR,Corey,Fuller,NO,Bye,0,0,0,0,0,0,0,0,0,0,0
2016,WR,Devin,Fuller,ATL,Bye,0,0,0,0,0,0,0,0,0,0,0
2016,WR,Keyarris,Garrett,CAR,Bye,0,0,0,0,0,0,0,0,0,0,0
2016,WR,Josh,Gordon,CLE,Bye,0,0,0,0,0,0,0,0,0,0,0
2016,WR,Frankie,Hammond,NYJ,Bye,0,0,0,0,0,0,0,0,0,0,0
2016,WR,Matt,Hazel,WAS,Bye,0,0,0,0,0,0,0,0,0,0,0
2016,WR,Javontee,Herndon,,Bye,0,0,0,0,0,0,0,0,0,0,0
2016,WR,Chris,Hubert,ARI,Bye,0,0,0,0,0,0,0,0,0,0,0
2016,WR,Darius,Jennings,TEN,Bye,0,0,0,0,0,0,0,0,0,0,0
2016,WR,Steve,Johnson,,Bye,0,0,0,0,0,0,0,0,0,0,0
2016,WR,Andy,Jones,DAL,Bye,0,0,0,0,0,0,0,0,0,0,0
2016,WR,Seantavius,Jones,KC,Bye,0,0,0,0,0,0,0,0,0,0,0
2016,WR,Jonathan,Krause,TEN,Bye,0,0,0,0,0,0,0,0,0,0,0
2016,WR,Jake,Lampman,NO,Bye,0,0,0,0,0,0,0,0,0,0,0
2016,WR,Kenny,Lawler,SEA,Bye,0,0,0,0,0,0,0,0,0,0,0
2016,WR,Dezmin,Lewis,BUF,Bye,0,0,0,0,0,0,0,0,0,0,0
2016,WR,Kolby,Listenbee,,Bye,0,0,0,0,0,0,0,0,0,0,0
2016,WR,Devin,Lucien,NE,Bye,0,0,0,0,0,0,0,0,0,0,0
2016,WR,Chris,Matthews,BAL,Bye,0,0,0,0,0,0,0,0,0,0,0
2016,WR,Vince,Mayle,BAL,Bye,0,0,0,0,0,0,0,0,0,0,0
2016,WR,Tre,McBride,TEN,Bye,0,0,0,0,0,0,0,0,0,0,0
2016,WR,Mekale,McKay,TEN,Bye,0,0,0,0,0,0,0,0,0,0,0
2016,WR,Marquez,North,,Bye,0,0,0,0,0,0,0,0,0,0,0
2016,WR,Kevin,Norwood,NYG,Bye,0,0,0,0,0,0,0,0,0,0,0
2016,WR,Keenan,Reynolds,BAL,Bye,0,0,0,0,0,0,0,0,0,0,0
2016,WR,Demarcus,Robinson,KC,Bye,0,0,0,0,0,0,0,0,0,0,0
2016,WR,Eric,Rogers,,Bye,0,0,0,0,0,0,0,0,0,0,0
2016,WR,Tevaun,Smith,,Bye,0,0,0,0,0,0,0,0,0,0,0
2016,WR,Nelson,Spruce,LA,Bye,0,0,0,0,0,0,0,0,0,0,0
2016,WR,Eric,Weems,TEN,Bye,0,0,0,0,0,0,0,0,0,0,0
2016,WR,Myles,White,NYJ,Bye,0,0,0,0,0,0,0,0,0,0,0
2016,WR,Matthew,Slater,NE,Bye,0,0,0,5,0,0,0,0,0,1,-1.5
2016,WR,Jakeem,Grant,MIA,Bye,0,0,0,1,0,0,0,0,0,1,-1.9
2016,WR,Jared,Abbrederis,DET,Bye,0,0,0,0,0,0,0,0,0,0,0
2016,WR,Rodney,Adams,MIN,Bye,0,0,0,0,0,0,0,0,0,0,0
2016,WR,Quincy,Adeboyejo,BAL,Bye,0,0,0,0,0,0,0,0,0,0,0
2016,WR,Donnie,Avery,,Bye,0,0,0,0,0,0,0,0,0,0,0
2016,WR,Arrelious,Benn,JAX,Bye,0,0,0,0,0,0,0,0,0,0,0
2016,WR,Harvey,Binford,,Bye,0,0,0,0,0,0,0,0,0,0,0
2016,WR,Noah,Brown,DAL,Bye,0,0,0,0,0,0,0,0,0,0,0
2016,WR,Marquis,Bundy,,Bye,0,0,0,0,0,0,0,0,0,0,0
2016,WR,Damiere,Byrd,CAR,Bye,0,0,0,0,0,0,0,0,0,0,0
2016,WR,Andre,Caldwell,,Bye,0,0,0,0,0,0,0,0,0,0,0
2016,WR,Austin,Carr,NE,Bye,0,0,0,0,0,0,0,0,0,0,0
2016,WR,Jehu,Chesson,KC,Bye,0,0,0,0,0,0,0,0,0,0,0
2016,WR,Stacy,Coley,MIN,Bye,0,0,0,0,0,0,0,0,0,0,0
2016,WR,Amara,Darboh,SEA,Bye,0,0,0,0,0,0,0,0,0,0,0
2016,WR,Corey,Davis,TEN,Bye,0,0,0,0,0,0,0,0,0,0,0
2016,WR,Robert,Davis,WAS,Bye,0,0,0,0,0,0,0,0,0,0,0
2016,WR,Malachi,Dupre,GB,Bye,0,0,0,0,0,0,0,0,0,0,0
2016,WR,Travin,Dural,NO,Bye,0,0,0,0,0,0,0,0,0,0,0
2016,WR,Amba,Etta-Tawo,JAX,Bye,0,0,0,0,0,0,0,0,0,0,0
2016,WR,Isaiah,Ford,MIA,Bye,0,0,0,0,0,0,0,0,0,0,0
2016,WR,Tanner,Gentry,CHI,Bye,0,0,0,0,0,0,0,0,0,0,0
2016,WR,Shelton,Gibson,PHI,Bye,0,0,0,0,0,0,0,0,0,0,0
2016,WR,Chris,Godwin,TB,Bye,0,0,0,0,0,0,0,0,0,0,0
2016,WR,Kenny,Golladay,DET,Bye,0,0,0,0,0,0,0,0,0,0,0
2016,WR,Cyril,Grayson,SEA,Bye,0,0,0,0,0,0,0,0,0,0,0
2016,WR,Marvin,Hall,ATL,Bye,0,0,0,0,0,0,0,0,0,0,0
2016,WR,Rannell,Hall,CLE,Bye,0,0,0,0,0,0,0,0,0,0,0
2016,WR,Chad,Hansen,NYJ,Bye,0,0,0,0,0,0,0,0,0,0,0
2016,WR,Keon,Hatcher,OAK,Bye,0,0,0,0,0,0,0,0,0,0,0
2016,WR,Carlos,Henderson,DEN,Bye,0,0,0,0,0,0,0,0,0,0,0
2016,WR,Krishawn,Hogan,ARI,Bye,0,0,0,0,0,0,0,0,0,0,0
2016,WR,Mack,Hollins,PHI,Bye,0,0,0,0,0,0,0,0,0,0,0
2016,WR,Zay,Jones,BUF,Bye,0,0,0,0,0,0,0,0,0,0,0
2016,WR,Cooper,Kupp,LA,Bye,0,0,0,0,0,0,0,0,0,0,0
2016,WR,Josh,Malone,CIN,Bye,0,0,0,0,0,0,0,0,0,0,0
2016,WR,Isaiah,McKenzie,DEN,Bye,0,0,0,0,0,0,0,0,0,0,0
2016,WR,David,Moore,SEA,Bye,0,0,0,0,0,0,0,0,0,0,0
2016,WR,Brandon,Reilly,BUF,Bye,0,0,0,0,0,0,0,0,0,0,0
2016,WR,Josh,Reynolds,LA,Bye,0,0,0,0,0,0,0,0,0,0,0
2016,WR,Fred,Ross,CAR,Bye,0,0,0,0,0,0,0,0,0,0,0
2016,WR,John,Ross,CIN,Bye,0,0,0,0,0,0,0,0,0,0,0
2016,WR,Curtis,Samuel,CAR,Bye,0,0,0,0,0,0,0,0,0,0,0
2016,WR,Garrett,Scantling,,Bye,0,0,0,0,0,0,0,0,0,0,0
2016,WR,JuJu,Smith-Schuster,PIT,Bye,0,0,0,0,0,0,0,0,0,0,0
2016,WR,ArDarius,Stewart,NYJ,Bye,0,0,0,0,0,0,0,0,0,0,0
2016,WR,Damore'ea,Stringfellow,MIA,Bye,0,0,0,0,0,0,0,0,0,0,0
2016,WR,Ryan,Switzer,DAL,Bye,0,0,0,0,0,0,0,0,0,0,0
2016,WR,Taywan,Taylor,TEN,Bye,0,0,0,0,0,0,0,0,0,0,0
2016,WR,Trent,Taylor,SF,Bye,0,0,0,0,0,0,0,0,0,0,0
2016,WR,Kendal,Thompson,,Bye,0,0,0,0,0,0,0,0,0,0,0
2016,WR,David,Watford,PHI,Bye,0,0,0,0,0,0,0,0,0,0,0
2016,WR,Dede,Westbrook,JAX,Bye,0,0,0,0,0,0,0,0,0,0,0
2016,WR,Jordan,Westerkamp,,Bye,0,0,0,0,0,0,0,0,0,0,0
2016,WR,Griff,Whalen,BAL,Bye,0,0,0,0,0,0,0,0,0,0,0
2016,WR,Chad,Williams,ARI,Bye,0,0,0,0,0,0,0,0,0,0,0
2016,WR,Kasen,Williams,SEA,Bye,0,0,0,0,0,0,0,0,0,0,0
2016,WR,Mike,Williams,LAC,Bye,0,0,0,0,0,0,0,0,0,0,0
2016,WR,Wendall,Williams,HOU,Bye,0,0,0,0,0,0,0,0,0,0,0
2016,WR,DeAngelo,Yancey,GB,Bye,0,0,0,0,0,0,0,0,0,0,0
2016,WR,Ishmael,Zamora,OAK,Bye,0,0,0,0,0,0,0,0,0,0,0
2016,TE,Travis,Kelce,KC,Bye,0,0,0,-5,0,1125,4,0,1,0,138
2016,TE,Greg,Olsen,CAR,Bye,0,0,0,0,0,1073,3,0,1,0,127.3
2016,TE,Kyle,Rudolph,MIN,Bye,0,0,0,0,0,840,7,0,0,0,126
2016,TE,Jimmy,Graham,SEA,Bye,0,0,0,0,0,923,6,0,0,2,124.3
2016,TE,Delanie,Walker,TEN,Bye,0,0,0,11,0,800,7,0,0,0,123.1
2016,TE,Cameron,Brate,TB,Bye,0,0,0,0,0,660,8,0,0,0,114
2016,TE,Martellus,Bennett,GB,Bye,0,0,0,10,0,701,7,0,0,0,113.1
2016,TE,Zach,Ertz,PHI,Bye,0,0,0,0,0,816,4,0,0,0,105.6
2016,TE,Jordan,Reed,WAS,Bye,0,0,0,0,0,686,6,0,0,1,102.6
2016,TE,Antonio,Gates,LAC,Bye,0,0,0,0,0,548,7,0,0,1,94.8
2016,TE,Hunter,Henry,LAC,Bye,0,0,0,0,0,478,8,0,0,1,93.8
2016,TE,Coby,Fleener,NO,Bye,0,0,0,2,1,631,3,0,0,0,87.3
2016,TE,Jack,Doyle,IND,Bye,0,0,0,0,0,584,5,0,0,1,86.4
2016,TE,Jason,Witten,DAL,Bye,0,0,0,0,0,673,3,0,0,1,83.3
2016,TE,Eric,Ebron,DET,Bye,0,0,0,1,1,711,1,0,0,0,83.2
2016,TE,Dennis,Pitta,,Bye,0,0,0,0,0,729,2,0,0,1,82.9
2016,TE,C.J.,Fiedorowicz,HOU,Bye,0,0,0,0,0,559,4,0,0,0,79.9
2016,TE,Charles,Clay,BUF,Bye,0,0,0,0,0,552,4,0,0,0,79.2
2016,TE,Dwayne,Allen,NE,Bye,0,0,0,0,0,406,6,0,1,0,78.6
2016,TE,Gary,Barnidge,,Bye,0,0,0,0,0,612,2,0,1,0,75.2
2016,TE,Zach,Miller,CHI,Bye,0,0,0,0,0,486,4,0,0,0,72.6
2016,TE,Rob,Gronkowski,NE,Bye,0,0,0,0,0,540,3,0,0,0,72
2016,TE,Vernon,Davis,WAS,Bye,0,0,0,0,0,583,2,0,0,0,70.3
2016,TE,Tyler,Eifert,CIN,Bye,0,0,0,0,0,394,5,0,0,0,69.4
2016,TE,Vance,McDonald,SF,Bye,0,0,0,0,0,391,4,0,0,0,63.1
2016,TE,Lance,Kendricks,GB,Bye,0,0,0,0,0,499,2,0,0,1,59.9
2016,TE,Ryan,Griffin,HOU,Bye,0,0,0,0,0,442,2,0,0,1,54.2
2016,TE,Clive,Walford,OAK,Bye,0,0,0,0,0,359,3,0,0,0,53.9
2016,TE,Julius,Thomas,MIA,Bye,0,0,0,0,0,281,4,0,0,0,52.1
2016,TE,Jesse,James,PIT,Bye,0,0,0,0,0,338,3,0,0,0,51.8
2016,TE,Jermaine,Gresham,ARI,Bye,0,0,0,0,0,391,2,0,0,0,51.1
2016,TE,Garrett,Celek,SF,Bye,0,0,0,0,0,350,3,0,0,1,51
2016,TE,Dion,Sims,CHI,Bye,0,0,0,0,0,256,4,0,0,0,49.6
2016,TE,Will,Tye,NYG,Bye,0,0,0,0,0,395,1,0,0,0,45.5
2016,TE,Austin,Hooper,ATL,Bye,0,0,0,0,0,271,3,0,0,0,45.1
2016,TE,Jared,Cook,OAK,Bye,0,0,0,0,0,377,1,0,0,1,41.7
2016,TE,Richard,Rodgers,GB,Bye,0,0,0,0,0,271,2,0,0,0,39.1
2016,TE,Jacob,Tamme,,Bye,0,0,0,0,0,210,3,0,0,0,39
2016,TE,Trey,Burton,PHI,Bye,0,0,0,0,0,327,1,0,0,0,38.7
2016,TE,Levine,Toilolo,ATL,Bye,0,0,0,0,0,264,2,0,0,0,38.4
2016,TE,Ladarius,Green,,Bye,0,0,0,0,0,304,1,0,0,0,36.4
2016,TE,Erik,Swoope,IND,Bye,0,0,0,0,0,297,1,0,0,0,35.7
2016,TE,Virgil,Green,DEN,Bye,0,0,0,0,0,237,1,0,0,0,29.7
2016,TE,C.J.,Uzomah,CIN,Bye,0,0,0,0,0,234,1,0,0,0,29.4
2016,TE,Mychal,Rivera,JAX,Bye,0,0,0,0,0,192,1,0,0,0,25.2
2016,TE,Luke,Willson,SEA,Bye,0,0,0,0,0,129,2,0,0,0,24.9
2016,TE,Seth,DeValve,CLE,Bye,0,0,0,0,0,127,2,0,0,0,24.7
2016,TE,Xavier,Grimble,PIT,Bye,0,0,0,0,0,118,2,0,0,0,23.8
2016,TE,Marcedes,Lewis,JAX,Bye,0,0,0,0,0,169,1,0,0,0,22.9
2016,TE,Ben,Koyack,JAX,Bye,0,0,0,0,0,161,1,0,0,0,22.1
2016,TE,Darren,Fells,DET,Bye,0,0,0,0,0,154,1,0,0,0,21.4
2016,TE,Austin,Seferian-Jenkins,NYJ,Bye,0,0,0,0,0,154,1,0,0,0,21.4
2016,TE,Josh,Hill,NO,Bye,0,0,0,0,0,149,1,0,0,0,20.9
2016,TE,Darren,Waller,BAL,Bye,0,0,0,0,0,85,2,0,0,0,20.5
2016,TE,Anthony,Fasano,MIA,Bye,0,0,0,0,0,83,2,0,0,0,20.3
2016,TE,Demetrius,Harris,KC,Bye,0,0,0,0,0,123,1,0,1,0,20.3
2016,TE,Ed,Dickson,CAR,Bye,0,0,0,0,0,134,1,0,0,0,19.4
2016,TE,Daniel,Brown,CHI,Bye,0,0,0,0,0,124,1,0,0,0,18.4
2016,TE,Jerell,Adams,NYG,Bye,0,0,0,0,0,122,1,0,0,0,18.2
2016,TE,MarQueis,Gray,MIA,Bye,0,0,0,0,0,174,0,0,0,0,17.4
2016,TE,Brent,Celek,PHI,Bye,0,0,0,0,0,155,0,0,0,0,15.5
2016,TE,Stephen,Anderson,HOU,Bye,0,0,0,0,0,93,1,0,0,0,15.3
2016,TE,Tyler,Higbee,LA,Bye,0,0,0,0,0,85,1,0,0,0,14.5
2016,TE,Jeff,Heuerman,DEN,Bye,0,0,0,0,0,141,0,0,0,0,14.1
2016,TE,A.J.,Derby,DEN,Bye,0,0,0,0,0,160,0,0,0,1,14
2016,TE,Brandon,Myers,,Bye,0,0,0,0,0,59,1,0,1,0,13.9
2016,TE,Nick,O'Leary,BUF,Bye,0,0,0,0,0,114,0,0,1,0,13.4
2016,TE,Larry,Donnell,BAL,Bye,0,0,0,0,0,92,1,0,0,1,13.2
2016,TE,John,Phillips,NO,Bye,0,0,0,0,0,72,1,0,0,0,13.2
2016,TE,Crockett,Gillmore,BAL,Bye,0,0,0,0,0,71,1,0,0,0,13.1
2016,TE,Dominique,Jones,,Bye,0,0,0,0,0,61,1,0,0,0,12.1
2016,TE,Rhett,Ellison,NYG,Bye,0,0,0,1,1,57,0,0,0,0,11.8
2016,TE,Neal,Sterling,JAX,Bye,0,0,0,0,0,110,0,0,0,0,11
2016,TE,Josh,Perkins,ATL,Bye,0,0,0,0,0,42,1,0,0,0,10.2
2016,TE,David,Johnson,PIT,Bye,0,0,0,0,0,80,0,0,1,0,10
2016,TE,Tyler,Kroft,CIN,Bye,0,0,0,0,0,92,0,0,0,0,9.2
2016,TE,Gavin,Escobar,KC,Bye,0,0,0,0,0,30,1,0,0,0,9
2016,TE,Blake,Bell,SF,Bye,0,0,0,0,0,85,0,0,0,0,8.5
2016,TE,Matt,Lengel,NE,Bye,0,0,0,0,0,22,1,0,0,0,8.2
2016,TE,Geoff,Swaim,DAL,Bye,0,0,0,0,0,69,0,0,0,0,6.9
2016,TE,Brandon,Bostick,,Bye,0,0,0,0,0,63,0,0,0,0,6.3
2016,TE,Phillip,Supernaw,TEN,Bye,0,0,0,0,0,62,0,0,0,0,6.2
2016,TE,Jace,Amaro,TEN,Bye,0,0,0,0,0,59,0,0,0,0,5.9
2016,TE,Ifeanyi,Momah,ARI,Bye,0,0,0,0,0,50,0,0,0,0,5
2016,TE,Nick,Boyle,BAL,Bye,0,0,0,0,0,44,0,0,0,0,4.4
2016,TE,Ben,Braunecker,CHI,Bye,0,0,0,0,0,41,0,0,0,0,4.1
2016,TE,Brandon,Williams,IND,Bye,0,0,0,0,0,36,0,0,0,0,3.6
2016,TE,Justin,Perillo,,Bye,0,0,0,0,0,35,0,0,0,0,3.5
2016,TE,Nick,Vannett,SEA,Bye,0,0,0,0,0,32,0,0,0,0,3.2
2016,TE,Lee,Smith,OAK,Bye,0,0,0,0,0,29,0,0,0,0,2.9
2016,TE,Niles,Paul,WAS,Bye,0,0,0,0,0,27,0,0,0,0,2.7
2016,TE,Sean,McGrath,LAC,Bye,0,0,0,0,0,25,0,0,0,0,2.5
2016,TE,Luke,Stocker,TB,Bye,0,0,0,0,0,23,0,0,0,0,2.3
2016,TE,Clay,Harbor,NO,Bye,0,0,0,0,0,19,0,0,0,0,1.9
2016,TE,Cole,Wick,DET,Bye,0,0,0,0,0,18,0,0,0,0,1.8
2016,TE,Logan,Paulsen,SF,Bye,0,0,0,0,0,15,0,0,0,0,1.5
2016,TE,Gerald,Christian,ARI,Bye,0,0,0,0,0,14,0,0,0,0,1.4
2016,TE,Ryan,Hewitt,CIN,Bye,0,0,0,0,0,13,0,0,0,0,1.3
2016,TE,MyCole,Pruitt,CHI,Bye,0,0,0,0,0,13,0,0,0,0,1.3
2016,TE,Derek,Carrier,WAS,Bye,0,0,0,0,0,10,0,0,0,0,1
2016,TE,Chris,Manhertz,CAR,Bye,0,0,0,0,0,10,0,0,0,0,1
2016,TE,Matthew,Mulligan,,Bye,0,0,0,0,0,8,0,0,0,0,0.8
2016,TE,David,Morgan,MIN,Bye,0,0,0,0,0,4,0,0,0,0,0.4
2016,TE,Randall,Telfer,CLE,Bye,0,0,0,0,0,4,0,0,0,0,0.4
2016,TE,RaShaun,Allen,HOU,Bye,0,0,0,0,0,0,0,0,0,0,0
2016,TE,Rory,Anderson,BUF,Bye,0,0,0,0,0,0,0,0,0,0,0
2016,TE,David,Ausberry,,Bye,0,0,0,0,0,0,0,0,0,0,0
2016,TE,Kennard,Backman,,Bye,0,0,0,0,0,0,0,0,0,0,0
2016,TE,E.J.,Bibbs,WAS,Bye,0,0,0,0,0,0,0,0,0,0,0
2016,TE,Asante,Cleveland,LAC,Bye,0,0,0,0,0,0,0,0,0,0,0
2016,TE,Jeff,Cumberland,LAC,Bye,0,0,0,0,0,0,0,0,0,0,0
2016,TE,Jerome,Cunningham,TEN,Bye,0,0,0,0,0,0,0,0,0,0,0
2016,TE,Kellen,Davis,,Bye,0,0,0,0,0,0,0,0,0,0,0
2016,TE,Dorin,Dickerson,,Bye,0,0,0,0,0,0,0,0,0,0,0
2016,TE,Jim,Dray,,Bye,0,0,0,0,0,0,0,0,0,0,0
2016,TE,Thomas,Duarte,MIA,Bye,0,0,0,0,0,0,0,0,0,0,0
2016,TE,Rico,Gathers,DAL,Bye,0,0,0,0,0,0,0,0,0,0,0
2016,TE,Chris,Gragg,NYJ,Bye,0,0,0,0,0,0,0,0,0,0,0
2016,TE,James,Hanna,DAL,Bye,0,0,0,0,0,0,0,0,0,0,0
2016,TE,Cory,Harkey,LA,Bye,0,0,0,0,0,0,0,0,0,0,0
2016,TE,Cooper,Helfet,OAK,Bye,0,0,0,0,0,0,0,0,0,0,0
2016,TE,Temarrick,Hemingway,LA,Bye,0,0,0,0,0,0,0,0,0,0,0
2016,TE,Michael,Hoomanawanui,NO,Bye,0,0,0,0,0,0,0,0,0,0,0
2016,TE,Brian,Leonhardt,,Bye,0,0,0,0,0,0,0,0,0,0,0
2016,TE,Troy,Niklas,ARI,Bye,0,0,0,0,0,0,0,0,0,0,0
2016,TE,Ryan,O'Malley,OAK,Bye,0,0,0,0,0,0,0,0,0,0,0
2016,TE,Beau,Sandland,,Bye,0,0,0,0,0,0,0,0,0,0,0
2016,TE,Wes,Saxton,BUF,Bye,0,0,0,0,0,0,0,0,0,0,0
2016,TE,Greg,Scruggs,,Bye,0,0,0,0,0,0,0,0,0,0,0
2016,TE,Jake,Stoneburner,,Bye,0,0,0,0,0,0,0,0,0,0,0
2016,TE,Hakeem,Valles,ARI,Bye,0,0,0,0,0,0,0,0,0,0,0
2016,TE,Benjamin,Watson,BAL,Bye,0,0,0,0,0,0,0,0,0,0,0
2016,TE,Maxx,Williams,BAL,Bye,0,0,0,0,0,0,0,0,0,0,0
2016,TE,Michael,Williams,,Bye,0,0,0,0,0,0,0,0,0,0,0
2016,TE,Timothy,Wright,DET,Bye,0,0,0,0,0,0,0,0,0,0,0
2016,TE,James,O'Shaughnessy,NE,Bye,0,0,0,0,0,-1,0,0,0,0,-0.1
2016,TE,Mo,Alie-Cox,,Bye,0,0,0,0,0,0,0,0,0,0,0
2016,TE,Chris,Briggs,,Bye,0,0,0,0,0,0,0,0,0,0,0
2016,TE,Jake,Butt,DEN,Bye,0,0,0,0,0,0,0,0,0,0,0
2016,TE,Evan,Engram,NYG,Bye,0,0,0,0,0,0,0,0,0,0,0
2016,TE,Gerald,Everett,LA,Bye,0,0,0,0,0,0,0,0,0,0,0
2016,TE,Garrett,Griffin,NO,Bye,0,0,0,0,0,0,0,0,0,0,0
2016,TE,Bucky,Hodges,MIN,Bye,0,0,0,0,0,0,0,0,0,0,0
2016,TE,O.J.,Howard,TB,Bye,0,0,0,0,0,0,0,0,0,0,0
2016,TE,George,Kittle,SF,Bye,0,0,0,0,0,0,0,0,0,0,0
2016,TE,Jordan,Leggett,NYJ,Bye,0,0,0,0,0,0,0,0,0,0,0
2016,TE,Jake,McGee,PIT,Bye,0,0,0,0,0,0,0,0,0,0,0
2016,TE,David,Njoku,CLE,Bye,0,0,0,0,0,0,0,0,0,0,0
2016,TE,Michael,Roberts,DET,Bye,0,0,0,0,0,0,0,0,0,0,0
2016,TE,Eric,Saubert,ATL,Bye,0,0,0,0,0,0,0,0,0,0,0
2016,TE,Mason,Schreck,CIN,Bye,0,0,0,0,0,0,0,0,0,0,0
2016,TE,Adam,Shaheen,CHI,Bye,0,0,0,0,0,0,0,0,0,0,0
2016,TE,Jonnu,Smith,TEN,Bye,0,0,0,0,0,0,0,0,0,0,0
2016,TE,Jeremy,Sprinkle,WAS,Bye,0,0,0,0,0,0,0,0,0,0,0
2016,TE,Austin,Traylor,DEN,Bye,0,0,0,0,0,0,0,0,0,0,0
2016,TE,Nick,Truesdell,MIN,Bye,0,0,0,0,0,0,0,0,0,0,0
2016,TE,Eric,Wallace,CAR,Bye,0,0,0,0,0,0,0,0,0,0,0
2016,TE,Travis,Wilson,LA,Bye,0,0,0,0,0,0,0,0,0,0,0
